Stock,MarketCap
20MICRONS.NS,5797077731.052582
21STCENMGM.NS,371292071.9122925
360ONE.NS,420200894938.06274
3IINFOLTD.NS,2698518248.1625156
3MINDIA.NS,376760266150.0
3PLAND.NS,
5PAISA.NS,9275545136.907837
63MOONS.NS,25745616168.115723
A2ZINFRA.NS,2839052258.765667
AAATECH.NS,1157233911.6577148
AADHARHFC.NS,209343266023.78558
AAKASH.NS,1142099972.9633331
AAREYDRUGS.NS,1968072275.0665588
AARNAV.NS,
AARON.NS,3079132266.0
AARTECH.NS,1260013067.6522255
AARTIDRUGS.NS,31864141453.47705
AARTIIND.NS,148616581733.75
AARTIPHARM.NS,61835685739.46704
AARTISURF.NS,2973484275.0
AARVI.NS,1837119241.5596008
AAVAS.NS,94998572516.20459
ABAN.NS,1366332202.5241585
ABB.NS,1267815420240.0
ABBOTINDIA.NS,577662274870.0
ABCAPITAL.NS,849371552597.9602
ABCOTS.NS,9094036592.889404
ABDL.NS,128638696737.68472
ABFRL.NS,73688030380.73007
ABINFRA.NS,11031892556.884563
ABLBL.NS,118700973696.22833
ABMINTLLTD.NS,404544000.0
ABREL.NS,131499059277.39807
ABSLAMC.NS,251864393382.7804
ACC.NS,272385424981.5
ACCELYA.NS,17758298174.206543
ACCURACY.NS,617295985.6414795
ACE.NS,101032472862.12073
ACEINTEG.NS,172890007.78198242
ACI.NS,65581100399.86047
ACL.NS,4880780734.75
ACMESOLAR.NS,132986576174.25421
ACUTAAS.NS,176399527456.42676
ADANIENSOL.NS,1181119166086.2295
ADANIENT.NS,2584330622947.9414
ADANIGREEN.NS,1406935553007.5117
ADANIPORTS.NS,3274617178485.403
ADANIPOWER.NS,2682881506363.067
ADFFOODS.NS,20177548260.0325
ADL.NS,381442930.95127106
ADOR.NS,17181799037.063293
ADROITINFO.NS,562676837.8353386
ADSL.NS,5778004325.992798
ADVAIT.NS,16959659559.877686
ADVANCE.NS,6741643737.836006
ADVANIHOTR.NS,4732851270.524979
ADVENTHTL.NS,9513367584.244125
ADVENZYMES.NS,32570698800.0
AEGISLOG.NS,227886750000.0
AEGISVOPAK.NS,213155408063.9347
AEQUS.NS,85530498972.04124
AEROENTER.NS,7972471039.388901
AEROFLEX.NS,28563940907.63672
AERONEU.NS,1798624833.0
AETHER.NS,130903170399.62036
AFCONS.NS,102299293146.02075
AFFLE.NS,195578692322.0
AFFORDABLE.NS,1912090193.3692322
AFIL.NS,3382989577.7331247
AFSL.NS,10230335608.03099
AGARIND.NS,6827482971.640198
AGARWALEYE.NS,142341609027.82086
AGI.NS,31633785229.71295
AGIIL.NS,37479921867.5
AGRITECH.NS,624736360.0489197
AGROPHOS.NS,639445605.6615067
AGSTRA.NS,399646739.1404457
AHCL.NS,6849102322.441101
AHLADA.NS,528468919.71588135
AHLEAST.NS,2675731012.280731
AHLUCONT.NS,50746425260.28076
AIAENG.NS,335999992185.0
AIIL.NS,344191084783.4778
AIRAN.NS,1991568638.1530762
AIROLAM.NS,1351230135.421753
AJANTPHARM.NS,367039821976.50684
AJAXENGG.NS,54663567643.43262
AJMERA.NS,23601583436.214737
AJOONI.NS,761316716.3011436
AKASH.NS,405038098.41905594
AKG.NS,341915975.7930813
AKI.NS,491944593.0126085
AKSHAR.NS,291363348.7549424
AKSHARCHEM.NS,1535607234.2580872
AKSHOPTFBR.NS,715871087.9160876
AKUMS.NS,73476332870.67911
AKZOINDIA.NS,123619182353.0
ALANKIT.NS,2096436264.4425936
ALBERTDAVD.NS,3720293853.75
ALEMBICLTD.NS,21926600136.19281
ALGOQUANT.NS,16938846175.46965
ALICON.NS,11491333654.848633
ALIVUS.NS,113188206894.75
ALKALI.NS,608913851.0313644
ALKEM.NS,652824900000.0
ALKYLAMINE.NS,66789018755.43408
ALLCARGO.NS,11214145118.435299
ALLDIGI.NS,11648176766.429443
ALLTIME.NS,13683265197.382202
ALMONDZ.NS,2473096711.8090677
ALOKINDS.NS,65143953492.89333
ALPA.NS,1308560140.4771805
ALPHAGEO.NS,1306368426.75
AMAGI.NS,
AMANTA.NS,3847212168.178665
AMBER.NS,257268688914.0
AMBICAAGAR.NS,404699534.8262787
AMBIKCO.NS,7801193477.0
AMBUJACEM.NS,1117140651055.7266
AMDIND.NS,707995207.9944382
AMJLAND.NS,1547340068.8171387
AMNPLST.NS,8228791065.673828
AMRUTANJAN.NS,16103125485.984192
ANANDRATHI.NS,261623235187.0
ANANTRAJ.NS,170387113469.43695
ANDHRAPAP.NS,12624999214.31345
ANDHRSUGAR.NS,9905817923.298508
ANGELONE.NS,199046723936.8756
ANIKINDS.NS,1152208195.1176643
ANKITMETAL.NS,232832321.6356635
ANMOL.NS,646059988.1459723
ANSALAPI.NS,598138521.2943506
ANTELOPUS.NS,22425149118.786804
ANTGRAPHIC.NS,120907483.56513977
ANTHEM.NS,370815412451.36707
ANUHPHR.NS,7864341789.851624
ANUP.NS,29216306263.14099
ANURAS.NS,142925017898.51257
APARINDS.NS,407401665352.0
APCL.NS,3389847810.422333
APCOTEXIND.NS,18881391118.0
APEX.NS,10825228457.5
APLAPOLLO.NS,582589532248.6323
APLLTD.NS,139040819315.4309
APOLLO.NS,78864642746.7852
APOLLOHOSP.NS,1118500854582.0
APOLLOPIPE.NS,17383539817.667053
APOLLOTYRE.NS,272708363625.2894
APOLSINHOT.NS,3011263200.0
APTECHT.NS,4679324353.407631
APTUS.NS,110807143787.58691
AQYLON.NS,2648467561.542801
ARCHIDPLY.NS,1466417461.9346313
ARCHIES.NS,470217602.5772095
ARE&M.NS,143882902821.90802
ARENTERP.NS,124332000.0
ARFIN.NS,13269099367.740852
ARIES.NS,4202352068.4778137
ARIHANTCAP.NS,7799088083.840584
ARIHANTSUP.NS,10251829191.591797
ARIS.NS,8638075764.65776
ARKADE.NS,19903139282.999603
ARMANFIN.NS,14078903289.87378
AROGRANITE.NS,374085011.67297363
ARROWGREEN.NS,5581782847.278931
ARSSBL.NS,28825387871.810913
ARTEMISMED.NS,
ARTNIRMAN.NS,915635605.7281494
ARVEE.NS,1687823240.3564453
ARVIND.NS,86864790096.1792
ARVINDFASN.NS,54531191753.93463
ARVSMART.NS,22999572910.7005
ASAHIINDIA.NS,213042657466.3042
ASAHISONG.NS,2539508270.11734
ASAL.NS,6998191594.072815
ASALCBR.NS,14091307544.189941
ASHAPURMIN.NS,49114745618.88013
ASHIANA.NS,30645003270.005035
ASHIMASYN.NS,2714690448.038849
ASHOKA.NS,32971704072.228607
ASHOKAMET.NS,357192839.0464783
ASHOKLEY.NS,1098058384291.3452
ASIANENE.NS,11972938557.707336
ASIANHOTNR.NS,12445357172.325897
ASIANPAINT.NS,2128846288233.5627
ASIANTILES.NS,14687922549.310055
ASKAUTOLTD.NS,74933903463.26294
ASMS.NS,2670164565.418041
ASPINWALL.NS,1640042307.16333
ASTEC.NS,13942749996.5
ASTERDM.NS,340380442254.1352
ASTRAL.NS,431425304926.4419
ASTRAMICRO.NS,95685577903.40332
ASTRAZEN.NS,216687500000.0
ASTRON.NS,186686071.4536419
ATALREAL.NS,2834746096.022129
ATAM.NS,647659500.0
ATGL.NS,514873551389.5384
ATHERENERG.NS,260638058436.08038
ATL.NS,6855775430.468702
ATLANTAA.NS,3112169648.8435974
ATLANTAELE.NS,70510361232.4295
ATLASCYCLE.NS,547143292.0903931
ATUL.NS,180669329557.5
ATULAUTO.NS,11719365205.239258
AUBANK.NS,696110934166.4167
AURIGROW.NS,139910395.63179016
AURIONPRO.NS,46909413740.01343
AUROPHARMA.NS,724433892727.3542
AURUM.NS,12488466440.980225
AUSOMENT.NS,1310994550.9233627
AUTOAXLES.NS,29461219010.7583
AUTOIND.NS,3001582845.3873672
AVADHSUGAR.NS,8006367323.3654785
AVALON.NS,60461924604.28314
AVANTEL.NS,37242232987.85095
AVANTIFEED.NS,158543480116.79138
AVG.NS,2017433261.2664795
AVL.NS,59447224517.13089
AVONMORE.NS,3911080413.3795576
AVROIND.NS,1697691456.7266312
AVTNPL.NS,9223546783.139328
AWFIS.NS,18171284714.0
AWHCL.NS,12944579456.25
AWL.NS,227643401544.8431
AXISBANK.NS,4002817714271.017
AXISCADES.NS,60651055408.5
AXITA.NS,3312020489.28808
AYE.NS,27286074300.12432
AYMSYNTEX.NS,11194846847.650604
AZAD.NS,103685988386.5
BAFNAPH.NS,2606222425.0025024
BAGFILMS.NS,981139951.9246311
BAIDFIN.NS,1677939554.252861
BAJAJ-AUTO.NS,2620226479607.0
BAJAJCON.NS,48465926412.58807
BAJAJELEC.NS,40987165121.43329
BAJAJFINSV.NS,2941791010932.5
BAJAJHCARE.NS,9901767818.161469
BAJAJHFL.NS,690446093088.8297
BAJAJHIND.NS,20434475265.040646
BAJAJHLDNG.NS,1140758477500.0
BAJAJINDEF.NS,7039040039.0625
BAJEL.NS,17056964125.346497
BAJFINANCE.NS,5831242837276.776
BALAJEE.NS,2193440187.3831024
BALAJITELE.NS,12062131060.977951
BALAMINES.NS,32517642808.95996
BALAXI.NS,1031276116.847992
BALKRISHNA.NS,426586609.54553413
BALKRISIND.NS,433571803171.3159
BALMLAWRIE.NS,29943861181.922348
BALPHARMA.NS,1100291473.637329
BALRAMCHIN.NS,99547942657.63974
BALUFORGE.NS,52532730802.041626
BANARBEADS.NS,748951298.0
BANARISUG.NS,45083984022.29004
BANCOINDIA.NS,80308293831.06079
BANDHANBNK.NS,280502333172.5287
BANG.NS,449649597.9309082
BANKA.NS,587750880.0536385
BANKBARODA.NS,1489610812533.9702
BANKINDIA.NS,688773090881.1326
BANSALWIRE.NS,38371576600.08508
BANSWRAS.NS,3767583081.465576
BASF.NS,143396670305.55664
BASML.NS,1615926923.9571533
BATAINDIA.NS,92224934758.0603
BAYERCROP.NS,200735842497.02393
BBL.NS,26047730318.604736
BBOX.NS,83898284756.69067
BBTC.NS,107323133173.16895
BBTCL.NS,3374509456.953476
BCG.NS,19436621005.53913
BCLIND.NS,8140604894.680824
BCONCEPTS.NS,2966318230.5166626
BDL.NS,489544218750.0
BEARDSELL.NS,942149905.9295654
BECTORFOOD.NS,58724815901.662674
BEDMUTHA.NS,4255606102.67688
BEL.NS,3343127392058.4995
BELLACASA.NS,3415820543.2891846
BELRISE.NS,171862372696.07324
BEML.NS,131453512974.71484
BEPL.NS,19289788679.0493
BERGEPAINT.NS,507505243891.5231
BESTAGRO.NS,5805852364.085346
BETA.NS,10840541787.049072
BFINVEST.NS,14106255044.283356
BFUTILITIE.NS,17373567789.496216
BGRENERGY.NS,24112784833.56079
BHAGCHEM.NS,25508315480.96631
BHAGERIA.NS,6625021114.668274
BHAGYANGR.NS,4979363179.704956
BHANDA-RE2.NS,
BHANDARI.NS,704839268.0743761
BHARATCOAL.NS,
BHARATFORG.NS,890344482717.7715
BHARATGEAR.NS,1479913050.0
BHARATRAS.NS,22322099696.0
BHARATSE.NS,10755443159.546814
BHARATWIRE.NS,10778077014.59253
BHARTIARTL.NS,11370949773752.162
BHARTIHEXA.NS,791099975585.9375
BHEL.NS,889318959614.1719
BIGBLOC.NS,6964110948.0752945
BIKAJI.NS,151821587235.51392
BIL.NS,9674941179.651306
BILVYAPAR.NS,214984013.64819145
BIOCON.NS,631053446862.2284
BIOFILCHEM.NS,498012723.61152077
BIRLACABLE.NS,3982799835.205078
BIRLACORPN.NS,63460364642.0376
BIRLAMONEY.NS,6851319839.087051
BIRLANU.NS,10535832568.0
BLACKBUCK.NS,102408705912.68005
BLAL.NS,7286538215.835571
BLBLIMITED.NS,913511694.5396919
BLISSGVS.NS,21621944420.25
BLKASHYAP.NS,10674337229.125885
BLS.NS,101276000760.0
BLSE.NS,11656301515.232574
BLUECOAST.NS,369888735.556612
BLUEDART.NS,125758050200.0
BLUEJET.NS,65153614688.74893
BLUESTARCO.NS,385503345312.8928
BLUESTONE.NS,72281015528.44318
BLUSPRING.NS,7285120345.741928
BMWVENTLTD.NS,4771059339.694977
BODALCHEM.NS,5555198548.745728
BOHRAIND.NS,192247828.62561035
BOMDYEING.NS,21045906625.147247
BONLON.NS,
BORANA.NS,10602163115.77002
BOROLTD.NS,26951420817.917114
BORORENEW.NS,57610607564.03961
BOROSCI.NS,9478868169.210434
BOSCH-HCIL.NS,35504651678.0
BOSCHLTD.NS,932266707600.0
BPCL.NS,1436696065871.064
BPL.NS,2482580750.932041
BRIGADE.NS,162165466632.0
BRIGHOTEL.NS,22011876989.49688
BRITANNIA.NS,1418714263440.0
BRNL.NS,1494309935.951233
BROOKS.NS,1724434404.2540665
BSE.NS,1124530761644.2573
BSHSL.NS,8750719798.541367
BSL.NS,1306590696.190796
BSOFT.NS,103004668030.70215
BTML.NS,1252654582.7081656
BUILDPRO.NS,23241766800.71228
BUTTERFLY.NS,10461324853.587524
BVCL.NS,891296555.6788788
BYKE.NS,2072874324.771881
CALSOFT.NS,750597088.5871048
CAMLINFINE.NS,25782536531.346832
CAMPUS.NS,73235409713.0571
CAMS.NS,160904283636.13977
CANBK.NS,1269074851004.317
CANFINHOME.NS,108303385073.40698
CANHLIFE.NS,138395993041.9922
CANTABIL.NS,19893308324.486084
CAPACITE.NS,18431019888.1969
CAPILLARY.NS,40996257916.92261
CAPITALSFB.NS,11325170826.064178
CAPLIPOINT.NS,127199301716.31592
CAPTRUST.NS,407183393.28696823
CARBORUNIV.NS,151666931580.7931
CARERATING.NS,47718045637.74121
CARRARO.NS,27001638667.0885
CARTRADE.NS,84432265344.0
CARYSIL.NS,23485787117.765686
CASTROLIND.NS,183442643977.47632
CCAVENUE.NS,52006432707.906006
CCCL.NS,6844354652.9798355
CCHHL.NS,2120137656.5997934
CCL.NS,137380458613.7052
CDSL.NS,252994500000.0
CEATLTD.NS,133804755505.80078
CEIGALL.NS,47281319945.70569
CEINSYS.NS,
CELEBRITY.NS,453330741.87596226
CELLO.NS,87152210775.69653
CEMPRO.NS,93976395730.1836
CENTENKA.NS,8854848253.44339
CENTEXT.NS,1643442025.4663944
CENTRALBK.NS,324032313249.8976
CENTRUM.NS,9664822767.884113
CENTUM.NS,41023754565.44287
CENTURYPLY.NS,150911003457.5
CERA.NS,58655770852.5
CEREBRAINT.NS,586783881.1924477
CESC.NS,199113943190.0038
CEWATER.NS,5164745257.859894
CGCL.NS,149845863327.14957
CGPOWER.NS,1098577481680.5414
CHALET.NS,161021484298.59412
CHAMBLFERT.NS,169849586044.25
CHEMBOND.NS,1900391625.0
CHEMBONDCH.NS,3602796407.068161
CHEMCON.NS,5610358299.305634
CHEMFAB.NS,5323300623.430115
CHEMPLASTS.NS,37451931986.52008
CHENNPETRO.NS,139656020631.2552
CHEVIOT.NS,5754830919.876099
CHOICEIN.NS,145085672187.1936
CHOLAFIN.NS,1348477962707.0
CHOLAHLDNG.NS,287980695121.12024
CIEINDIA.NS,169853630639.12073
CIFL.NS,11192031634.187508
CIGNITITEC.NS,31750624270.86682
CINELINE.NS,2944857421.618286
CINEVISTA.NS,891988441.4128065
CIPLA.NS,1070309397025.0
CLEAN.NS,78517594562.5
CLEANMAX.NS,100325147058.97827
CLEDUCATE.NS,2710286692.267273
CLSEL.NS,12135502264.475891
CMSINFO.NS,48544069767.43927
CNL.NS,9437980866.0
COALINDIA.NS,2697118014697.241
COASTCORP.NS,2889004266.919464
COCHINSHIP.NS,382783589603.74536
COFFEEDAY.NS,5572820196.310501
COFORGE.NS,392509356847.5
COHANCE.NS,108197582807.23059
COLPAL.NS,586482638031.0486
COMPINFO.NS,111767152.7018094
COMPUSOFT.NS,974822304.3329086
COMSYN.NS,6112686600.0
CONCOR.NS,360816496706.25
CONCORDBIO.NS,122955429669.41309
CONFIPET.NS,9584958502.58141
CONSOFINVT.NS,7349722593.490448
CONTROLPR.NS,9935374531.808167
CORALFINAC.NS,1315867707.746315
CORDSCABLE.NS,2068750358.5601501
COROMANDEL.NS,589259854191.872
CORONA.NS,
COSMOFIRST.NS,17397085621.25
COUNCODOS.NS,377898842.11969376
CPCAP.NS,1621167487.8033752
CPEDU.NS,3282733957.576355
CPPLUS.NS,193259535375.0702
CRAFTSMAN.NS,173847561112.5
CRAMC.NS,43851891419.95261
CREATIVEYE.NS,129809600.0
CREDITACC.NS,184800602379.65918
CREST.NS,9323795906.276703
CRISIL.NS,305513623520.5049
CRIZAC.NS,36594091079.40674
CROMPTON.NS,157713164647.42236
CROWN.NS,1319191981.5752792
CSBBANK.NS,60207641707.102295
CSLFINANCE.NS,5494816852.65271
CTE.NS,498084144.5616455
CUB.NS,183272602883.74942
CUBEXTUB.NS,1310758984.6094131
CUMMINSIND.NS,1300428305859.375
CUPID.NS,123334630073.88348
CURAA.NS,950141714.0387878
CYBERMEDIA.NS,275993803.25
CYBERTECH.NS,3184348386.470909
CYIENT.NS,94768836099.36572
CYIENTDLM.NS,22948539257.48291
DABUR.NS,827781224923.8914
DALBHARAT.NS,345458517552.355
DALMIASUG.NS,25576819748.0
DAMCAPITAL.NS,9246435487.426758
DAMODARIND.NS,555803722.5
DANGEE.NS,449607011.7473602
DATAMATICS.NS,39326434478.122925
DATAPATTNS.NS,195563197777.20776
DAVANGERE.NS,5519764334.1279955
DBCORP.NS,36575331317.64749
DBEIL.NS,3286745367.8771973
DBL.NS,71077734696.18085
DBOL.NS,6517187613.844986
DBREALTY.NS,54788508188.32585
DBSTOCKBRO.NS,876750568.0236816
DCAL.NS,24887446254.75
DCBBANK.NS,54121557133.65372
DCI.NS,3997500000.0
DCM.NS,1203033881.4899597
DCMFINSERV.NS,87138121.15281963
DCMNVL.NS,2427835089.090225
DCMSHRIRAM.NS,149468796716.0
DCMSIL.NS,4608845974.4581375
DCMSRIND.NS,9358273969.850983
DCW.NS,14220974980.910694
DCXINDIA.NS,21841820267.794617
DDEVPLSTIK.NS,26893584342.028564
DECCANCE.NS,9205196156.0
DEEDEV.NS,20765149385.900208
DEEPAKFERT.NS,117791444512.44104
DEEPAKNTR.NS,201588914598.0
DEEPINDS.NS,22246400390.625
DELHIVERY.NS,312163671336.7052
DELPHIFX.NS,41858839334.17098
DELTACORP.NS,14761095507.641357
DELTAMAGNT.NS,608089389.4862747
DEN.NS,13049083493.66788
DENORA.NS,3725068542.602661
DENTA.NS,5992814918.518066
DEVIT.NS,1513727731.1184082
DEVX.NS,3451476278.6045685
DEVYANI.NS,135598722353.077
DGCONTENT.NS,1411105261.0129623
DHAMPURSUG.NS,8155351451.755211
DHANBANK.NS,9131487134.026382
DHANUKA.NS,43392393581.85498
DHARAN.NS,825593472.5561358
DHARMAJ.NS,8116758731.129395
DHRUV.NS,581325332.6148281
DHUNINV.NS,5195100440.471558
DIACABS.NS,71030425639.38629
DIAMINESQ.NS,2210496789.039917
DIAMONDYD.NS,22906575610.38513
DICIND.NS,4757463667.051941
DIFFNKG.NS,9387374814.750702
DIGIDRIVE.NS,794952906.728096
DIGISPICE.NS,3572031800.620743
DIGITIDE.NS,12606393907.226112
DIGJAMLMTD.NS,826870243.9571953
DISHTV.NS,4707000098.281467
DIVGIITTS.NS,22327065483.023254
DIVISLAB.NS,1680416111400.0
DIXON.NS,595206379260.0
DJML.NS,2982622426.1990128
DLF.NS,1423698091454.6467
DLINKINDIA.NS,13828485379.5
DMART.NS,2580937462527.5244
DMCC.NS,5561962721.779633
DNAMEDIA.NS,388436453.7872443
DODLA.NS,62740921360.0
DOLATALGO.NS,13303586986.439667
DOLLAR.NS,14454103528.167725
DOLPHIN.NS,19148191972.83142
DOMS.NS,124789272948.91968
DONEAR.NS,4576000000.0
DPABHUSHAN.NS,23031089045.322266
DPSCLTD.NS,8384328466.075859
DPWIRES.NS,2112710564.503601
DRCSYSTEMS.NS,1906195929.9448013
DREAMFOLKS.NS,3884438239.4999695
DREDGECORP.NS,26454399658.203125
DRREDDY.NS,1071698362020.0
DSFCL.NS,2287894425.430229
DSSL.NS,11342722584.822998
DTIL.NS,1359800856.2872925
DUCON.NS,984111499.3800187
DVL.NS,7408140155.48761
DWARKESH.NS,7308289722.327156
DYCL.NS,13042642121.931946
DYNAMATECH.NS,69877282696.0
DYNPRO.NS,2747419199.8772583
E2E.NS,46081938810.618164
EASEMYTRIP.NS,26221711631.42494
EBGNG.NS,38724011053.178925
ECLERX.NS,138898129454.60815
ECOSMOBLTY.NS,8164200439.453125
EDELWEISS.NS,100047161898.4118
EFCIL.NS,30855810835.639893
EICHERMOT.NS,1993167006264.0
EIDPARRY.NS,141531180438.48352
EIEL.NS,24072184092.86499
EIFFL.NS,5678952136.230469
EIHAHOTELS.NS,19106574239.848755
EIHOTEL.NS,196958456754.7401
EIMCOELECO.NS,8789865344.659424
EKC.NS,11508122593.978912
ELDEHSG.NS,8354306121.530762
ELECON.NS,90982954357.75696
ELECTCAST.NS,37771077566.82517
ELECTHERM.NS,8101647613.443787
ELGIEQUIP.NS,159458910670.97644
ELGIRUBCO.NS,2130128068.7332153
ELIN.NS,5795597777.759399
ELLEN.NS,29172260618.182373
EMAMILTD.NS,193409612762.57684
EMAMIPAP.NS,4674088352.026405
EMAMIREAL.NS,2661593793.5881653
EMBDL.NS,76034829845.61134
EMCURE.NS,288358796613.464
EMIL.NS,34596607974.543976
EMKAY.NS,5651599875.322678
EMMBI.NS,1548262940.9866333
EMMVEE.NS,133947994573.12775
EMSLIMITED.NS,14324609869.0
EMUDHRA.NS,34036069792.15695
ENDURANCE.NS,340966743552.0
ENERGYDEV.NS,747246788.6282816
ENGINERSIN.NS,109786645157.86578
ENIL.NS,5062121485.232849
ENRIN.NS,1026766622627.3035
ENTERO.NS,44798859672.921265
EPACK.NS,22562691354.126404
EPACKPEB.NS,15512801160.9776
EPIGRAL.NS,37442368303.45532
EPL.NS,61795025935.381485
EQUIPPP.NS,1690761650.6722927
EQUITASBNK.NS,66528392512.8474
ERIS.NS,180950521330.0077
ESABINDIA.NS,81806204790.0
ESAFSFB.NS,12849380422.059082
ESCORTS.NS,352454058238.3716
ESSARSHPNG.NS,5132669057.962315
ESSENTIA.NS,1418747251.2959485
ESTER.NS,9165724334.475418
ETERNAL.NS,2091784150843.6704
ETHOSLTD.NS,58719757288.5
EUREKAFORB.NS,82408163253.41968
EUROBOND.NS,3846500000.0
EUROPRATIK.NS,23643970623.779297
EUROTEXIND.NS,156006769.88162994
EVEREADY.NS,22241239352.937622
EVERESTIND.NS,5934808528.648315
EXCEL.NS,1406708321.720925
EXCELINDUS.NS,11033281503.881226
EXCELSOFT.NS,9055973224.8172
EXICOM.NS,11732626720.9458
EXIDEIND.NS,262637486535.87936
EXPLEOSOL.NS,11561429757.499939
EXXARO.NS,3051341050.803137
FABTECH.NS,6010192290.386734
FACT.NS,428426338187.7444
FAIRCHEMOR.NS,7064332042.869873
FAZE3Q.NS,10841821153.675903
FCL.NS,25311698979.92134
FCSSOFT.NS,2547234135.303569
FDC.NS,60549069245.88611
FEDERALBNK.NS,673262554034.613
FEDFINA.NS,45222050786.514915
FEL.NS,369302930.0298154
FELDVR.NS,1468086101.7421818
FIBERWEB.NS,1078249561.4663315
FIEMIND.NS,53692106400.0
FILATEX.NS,17735690887.678623
FILATFASH.NS,1636256257.9676895
FINCABLES.NS,147204120525.0
FINEORG.NS,131187899320.52344
FINKURVE.NS,8724457590.64392
FINOPB.NS,14518832627.881165
FINPIPE.NS,111958103307.0163
FIRSTCRY.NS,102485629037.3146
FISCHER.NS,22759340760.14534
FIVESTAR.NS,113173009174.66818
FLAIR.NS,31518486504.335327
FLEXITUFF.NS,247220653.2819729
FLFL.NS,246165353.27282548
FLUOROCHEM.NS,361373539636.23047
FMGOETZE.NS,21073450164.89685
FMNL.NS,489046496.83964634
FOCUS.NS,4367185621.132278
FOODSIN.NS,3790236587.8969574
FORCEMOT.NS,272089810300.0
FORTIS.NS,663192994326.3977
FOSECOIND.NS,37384670268.5
FRACTAL.NS,133496515122.71649
FSL.NS,146153112765.19122
FUSION.NS,26906364939.69055
GABRIEL.NS,125638175627.93213
GAEL.NS,59856521130.0
GAIL.NS,979555337122.369
GALAPREC.NS,9150888686.329895
GALAXYSURF.NS,68135182772.63928
GALLANTT.NS,127851854285.46112
GANDHAR.NS,12487634005.376015
GANDHITUBE.NS,9787029414.632263
GANECOS.NS,18890048936.514526
GANESHBE.NS,5487033756.497711
GANESHCP.NS,6583673180.856628
GANESHHOU.NS,52809043079.09119
GANGAFORGE.NS,392274500.8701682
GANGESSECU.NS,1195867604.9472885
GARFIBRES.NS,61683798506.482544
GARUDA.NS,15379800236.540863
GATECH.NS,584450965.6173364
GATECHDVR.NS,617180232.4157447
GATEWAY.NS,28189632993.597622
GAUDIUMIVF.NS,5356386600.596466
GAYAHWS.NS,524837674.7129917
GCSL.NS,8793425598.0
GEECEE.NS,5453778667.929871
GEEKAYWIRE.NS,2211643184.0515137
GEMAROMA.NS,9838342379.621887
GENCON.NS,2485678031.6564865
GENESYS.NS,11318923865.518219
GENUSPAPER.NS,2974947047.3313904
GENUSPOWER.NS,75763389594.69992
GEOJITFSL.NS,16348182424.64869
GESHIP.NS,191093844998.5
GFLLIMITED.NS,4702073253.21682
GHCL.NS,41935764242.12845
GHCLTEXTIL.NS,6845854255.854202
GICHSGFIN.NS,7963839336.0772705
GICL.NS,5033478173.982513
GICRE.NS,642812149291.9922
GILLANDERS.NS,1833307553.9658356
GILLETTE.NS,261496366425.0
GINNIFILA.NS,2830734582.9041862
GIPCL.NS,20310537159.28589
GKENERGY.NS,20362853916.27459
GKSL.NS,8562376829.694748
GKWLIMITED.NS,10032073245.666504
GLAND.NS,276378899582.5
GLAXO.NS,426767672581.021
GLENMARK.NS,597793999197.7515
GLFL.NS,171541815.19549942
GLOBAL.NS,5034667551.40686
GLOBALE.NS,112695416.31811333
GLOBALVECT.NS,2142139923.0957031
GLOBE.NS,1144063704.3378868
GLOBECIVIL.NS,2770961691.1239624
GLOBUSSPR.NS,24240984871.463745
GLOSTERLTD.NS,5873794805.0
GLOTTIS.NS,3977025204.597473
GMBREW.NS,22031287570.006897
GMDCLTD.NS,168584047603.06573
GMMPFAUDLR.NS,38739947487.51721
GMRAIRPORT.NS,972164912678.2963
GMRP&UI.NS,81225823016.0
GNA.NS,18477416057.97119
GNFC.NS,60150169482.904755
GOACARBON.NS,2984045588.25
GOCLCORP.NS,12069355420.093918
GOCOLORS.NS,15641002096.044678
GODAVARIB.NS,14278097583.0
GODFRYPHLP.NS,312930599295.7031
GODIGIT.NS,304876121739.051
GODREJAGRO.NS,115835280362.5
GODREJCP.NS,1105411170817.4143
GODREJIND.NS,308479563010.57446
GODREJPROP.NS,495665153978.32947
GOKEX.NS,43467867593.0
GOKUL.NS,3961779945.3163147
GOKULAGRO.NS,47435189757.75
GOLDENTOBC.NS,516097599.1424751
GOLDIAM.NS,35360222159.404175
GOLDTECH.NS,2054397313.8636017
GOODLUCK.NS,34740002151.37683
GOPAL.NS,35281733476.362854
GOYALALUM.NS,897789180.7551765
GPIL.NS,161323706740.02264
GPPL.NS,76224265470.16177
GPTHEALTH.NS,9974584083.550842
GPTINFRA.NS,13398438383.746338
GRANULES.NS,138592814890.43524
GRAPHITE.NS,122723480922.75
GRASIM.NS,1818942943797.0923
GRAVITA.NS,109015002633.91016
GREAVESCOT.NS,34456671498.60736
GREENLAM.NS,58305569122.03877
GREENPANEL.NS,24081555079.09607
GREENPLY.NS,23654754578.5383
GREENPOWER.NS,10402074117.902248
GRINDWELL.NS,168781570703.125
GRINFRA.NS,89034615424.07196
GRMOVER.NS,31921321665.150146
GROBTEA.NS,1022328216.8613892
GROWW.NS,921224096813.9487
GRPLTD.NS,9452264564.016602
GRSE.NS,283115786571.3496
GRWRHITECH.NS,91364221782.95117
GSFC.NS,59938989332.96585
GSLSU.NS,3064629156.1087646
GSPL.NS,153261620734.35516
GSS.NS,331115888.38635063
GTECJAINX.NS,197464730.06896782
GTL.NS,1030293945.55198
GTLINFRA.NS,13833841397.387447
GTPL.NS,6808512423.482986
GUFICBIO.NS,27900563651.042084
GUJALKALI.NS,31574622881.280212
GUJAPOLLO.NS,4936939977.459412
GUJGASLTD.NS,256115537603.05023
GUJRAFFIA.NS,
GUJTHEM.NS,30963983304.324097
GULFOILLUB.NS,48362672446.0
GULFPETRO.NS,1584949327.1585026
GULPOLY.NS,9836745275.356384
GVKPIL.NS,4169115621.665764
GVPIL.NS,29724625892.32608
GVPTECH.NS,1032141188.0177574
GVT&D.NS,964936996805.5444
HAL.NS,2668345307189.9414
HALDER.NS,
HALEOSLABS.NS,3864970174.610718
HAPPSTMNDS.NS,51161205060.47406
HAPPYFORGE.NS,114778220095.45557
HARDWYN.NS,8489875355.185699
HARIOMPIPE.NS,10359107085.25
HARRMALAYA.NS,3269374883.107147
HARSHA.NS,32334542988.0
HATHWAY.NS,17754147662.331104
HATSUN.NS,202455906223.39014
HAVELLS.NS,835178879448.3882
HAVISHA.NS,432909877.3165655
HBLENGINE.NS,180440053482.42737
HBSL.NS,361102227.23438644
HCC.NS,40523171618.613434
HCG.NS,79736096350.0
HCL-INSYS.NS,4019653233.438362
HCLTECH.NS,3675899344362.432
HDBFS.NS,539765844362.5
HDFCAMC.NS,1054236640944.0234
HDFCBANK.NS,12937848374157.99
HDFCLIFE.NS,1410188445460.0
HEADSUP.NS,158994780.5880766
HECPROJECT.NS,1218534332.107544
HEG.NS,98698360074.18274
HEIDELBERG.NS,34447608413.02078
HEMIPROP.NS,38469028859.041016
HERANBA.NS,7466913101.292282
HERITGFOOD.NS,27696622710.73242
HEROMOTOCO.NS,1096491983440.0
HESTERBIO.NS,12353668937.625732
HEXATRADEX.NS,8913464069.118286
HEXT.NS,277892233581.4444
HFCL.NS,104664817964.08063
HGINFRA.NS,31335195002.28415
HGM.NS,658590480.9837685
HGS.NS,16155470371.202087
HIKAL.NS,21453662013.829376
HILINFRA.NS,3521743965.957596
HILTON.NS,624132237.3441772
HILTON-RE2.NS,
HIMATSEIDE.NS,10802520508.472015
HINDALCO.NS,2113684746295.0483
HINDCOMPOS.NS,5916461490.142822
HINDCON.NS,949586073.2446518
HINDCOPPER.NS,522926530056.1025
HINDOILEXP.NS,21865104918.97061
HINDPETRO.NS,818254123322.504
HINDUNILVR.NS,5157162164212.799
HINDWAREAP.NS,17552955726.43799
HINDZINC.NS,2429558425000.0
HIRECT.NS,24376949609.273438
HISARMETAL.NS,852984036.2548828
HITECH.NS,15757577562.902802
HITECHCORP.NS,2036179287.4160767
HITECHGEAR.NS,11347391332.365112
HLEGLAS.NS,21482349924.86383
HLVLTD.NS,4918078871.688769
HMAAGRO.NS,12077717037.070862
HMT.NS,79169025330.0
HMVL.NS,4466025436.5
HNDFDS.NS,56177503013.420166
HOMEFIRST.NS,108301193761.96887
HONASA.NS,93348652641.61322
HONAUT.NS,262766562300.0
HONDAPOWER.NS,20620863343.0
HPAL.NS,3032343842.929493
HPIL.NS,1332051325.16819
HPL.NS,19647013017.931946
HSCL.NS,222359885990.55786
HTMEDIA.NS,4782128097.05867
HUBTOWN.NS,29459158858.00226
HUDCO.NS,348610864778.1372
HUHTAMAKI.NS,12654455076.660278
HYBRIDFIN.NS,545686928.2750587
HYUNDAI.NS,1693498120945.1416
IBULLSLTD.NS,21484307261.0
ICDSLTD.NS,489803900.12283325
ICEMAKE.NS,12994612596.0
ICICIAMC.NS,1436809517640.0
ICICIBANK.NS,9149493182655.943
ICICIGI.NS,941533867751.5227
ICICIPRULI.NS,871429905485.0454
ICIL.NS,50087941377.17224
ICRA.NS,51586846797.0
IDBI.NS,1064591173701.0
IDEA.NS,1073679460337.9849
IDEAFORGE.NS,19395932618.661377
IDFCFIRSTB.NS,574082078960.2561
IEX.NS,106947254775.15038
IFBAGRO.NS,6853976163.964478
IFBIND.NS,41953622362.995605
IFCI.NS,140478130308.21326
IFGLEXPOR.NS,11151284402.966309
IGARASHI.NS,9889460465.816895
IGCL.NS,3971099401.2049484
IGIL.NS,144103655906.5869
IGL.NS,216864679808.60696
IGPL.NS,10156584687.206696
IIFL.NS,200452442663.8147
IIFLCAPS.NS,92413823898.3291
IITL.NS,2968610515.571594
IKIO.NS,10218452904.0
IKS.NS,218636565467.10645
IL&FSENGG.NS,3086590296.1649323
IL&FSTRANS.NS,743449657.8827927
IMAGICAA.NS,22481675030.279186
IMFA.NS,63581363754.0
IMPAL.NS,12806975390.625
IMPEXFERRO.NS,148320757.9776268
INCREDIBLE.NS,1496057431.3671894
INDBANK.NS,1430590747.8840466
INDGN.NS,108659383436.92072
INDHOTEL.NS,870713510631.7817
INDIACEM.NS,171063040592.0
INDIAGLYCO.NS,57221419980.0
INDIAMART.NS,131196401028.0
INDIANB.NS,1211219799614.646
INDIANCARD.NS,1172060323.3502808
INDIANHUME.NS,16020372965.33255
INDIASHLTR.NS,74231112090.10345
INDIGO.NS,1637962516796.912
INDIGOPNTS.NS,39966506872.621704
INDIQUBE.NS,35201054677.259155
INDNIPPON.NS,17471656274.11914
INDOAMIN.NS,7080578530.36731
INDOBORAX.NS,7848318113.0855255
INDOCO.NS,17947447266.38977
INDOFARM.NS,5922840318.649292
INDORAMA.NS,8851736217.32705
INDOSTAR.NS,33678905475.690704
INDOTECH.NS,14037113767.0
INDOTHAI.NS,33323133294.277954
INDOUS.NS,2065143189.8839722
INDOWIND.NS,1439359332.2408009
INDRAMEDCO.NS,35993246758.55835
INDSWFTLAB.NS,12122276073.022675
INDTERRAIN.NS,1495528176.9952812
INDUSINDBK.NS,686548297780.9724
INDUSTOWER.NS,1156391761953.5
INFOBEAN.NS,13975733622.420654
INFOMEDIA.NS,264831364.79223442
INFY.NS,5321024798665.0
INGERRAND.NS,122857671742.70947
INNOVACAP.NS,38955871097.5
INNOVANA.NS,7521272747.802734
INOXGREEN.NS,59319752691.91647
INOXINDIA.NS,105303808268.18848
INOXWIND.NS,141346206392.21362
INSECTICID.NS,17454336814.05359
INSPIRISYS.NS,3166677554.0
INTELLECT.NS,93637809674.0
INTENTECH.NS,2126779016.9373474
INTERARCH.NS,29100841730.830933
INTLCONV.NS,4648997051.071167
INVENTURE.NS,1091999959.9456787
IOB.NS,636397224426.6484
IOC.NS,2276626069345.0996
IOLCP.NS,20919704652.34764
IONEXCHANG.NS,41452642843.04648
IPCALAB.NS,382599602929.16797
IPL.NS,17257085348.96805
IRB.NS,244337934471.13037
IRCON.NS,130628230554.55475
IRCTC.NS,431839990234.375
IREDA.NS,321235591209.2533
IRFC.NS,1275094126431.8086
IRIS.NS,5067604796.290894
IRISDOREME.NS,5186916806.116165
IRMENERGY.NS,8449670654.160782
ISFT.NS,1098265376.9375763
ISGEC.NS,66203304221.989746
ISHANCH.NS,1494423458.336071
ITC.NS,3833944190586.0
ITCHOTELS.NS,342109008667.98615
ITDC.NS,39801289023.010254
ITI.NS,241872954007.93265
IVALUE.NS,12305847693.61206
IVC.NS,2203178789.768709
IVP.NS,1309778894.1071777
IXIGO.NS,73483376308.37
IZMO.NS,10641384233.848633
J&KBANK.NS,123266367708.59375
JAGRAN.NS,13774628358.420124
JAGSNPHARM.NS,11261366718.151825
JAIBALAJI.NS,54671228478.29704
JAICORPLTD.NS,16928004992.875397
JAINREC.NS,145608963429.77332
JAIPURKURT.NS,510080444.13043976
JAMNAAUTO.NS,48876677099.87137
JARO.NS,9198183658.268738
JASH.NS,23306346960.0
JAYAGROGN.NS,5453100128.173828
JAYBARMARU.NS,9706777301.78833
JAYKAY.NS,18223092021.876984
JAYNECOIND.NS,69453375918.46738
JAYSREETEA.NS,2153105434.7783203
JBCHEPHARM.NS,332613431029.16113
JBMA.NS,120482697699.0
JETFREIGHT.NS,858005974.0290165
JGCHEM.NS,13807209537.222748
JHS.NS,748193402.1969194
JINDALPHOT.NS,11701011118.605957
JINDALPOLY.NS,35591785550.89575
JINDALSAW.NS,103627392175.34186
JINDALSTEL.NS,1164108106936.6821
JINDRILL.NS,16471383147.0
JINDWORLD.NS,22453611118.306206
JIOFIN.NS,1475517142174.0
JISLDVREQS.NS,26503167693.165226
JISLJALEQS.NS,24146836795.840378
JITFINFRA.NS,8699749147.667542
JKCEMENT.NS,390629642930.5
JKIL.NS,35947598811.01303
JKIPL.NS,2046741508.2855225
JKLAKSHMI.NS,75783966977.5849
JKPAPER.NS,55403034537.30029
JKTYRE.NS,122649387851.37964
JLHL.NS,82029648523.46704
JMA.NS,1915907546.7851715
JMFINANCIL.NS,110680017494.47069
JNKINDIA.NS,12550463305.257797
JOCIL.NS,1086875234.9871902
JPASSOCIAT.NS,5868183271.62504
JPOLYINVST.NS,13823186635.0
JPPOWER.NS,91684079443.17735
JSFB.NS,35995197922.12149
JSL.NS,584016714989.0
JSLL.NS,75829659429.20709
JSWCEMENT.NS,164430516036.7529
JSWENERGY.NS,841009030951.7537
JSWHL.NS,176131427508.0
JSWINFRA.NS,548381780080.01416
JSWSTEEL.NS,2913356983862.418
JTEKTINDIA.NS,35845226593.63925
JTLIND.NS,20267289382.61547
JUBLCPL.NS,26756272879.267822
JUBLFOOD.NS,321375303553.34015
JUBLINGREA.NS,85577543123.01312
JUBLPHARMA.NS,130142028453.87415
JUNIPER.NS,44976631765.95532
JUSTDIAL.NS,44900104474.38501
JWL.NS,122826247190.13815
JYOTHYLAB.NS,88517058997.19975
JYOTICNC.NS,175741198206.75
JYOTISTRUC.NS,13082512955.054512
KABRAEXTRU.NS,8274320339.579498
KAJARIACER.NS,149015150635.51636
KAKATCEM.NS,844163211.7512817
KALAMANDIR.NS,15195218890.5
KALPATARU.NS,59735650626.09927
KALYANI.NS,138089996.33789062
KALYANIFRG.NS,2164428144.4091797
KALYANKJIL.NS,401912691231.0
KAMATHOTEL.NS,5364783376.607544
KAMDHENU.NS,6149975090.967945
KAMOPAINTS.NS,1304573279.979229
KANANIIND.NS,268337622.36413002
KANORICHEM.NS,2725153132.5404854
KANPRPLA.NS,4123899668.8243713
KANSAINER.NS,149843890618.003
KAPSTON.NS,5913987854.5
KARMAENG.NS,431644095.5710907
KARURVYSYA.NS,282591055055.2239
KAUSHALYA.NS,296576244.4510498
KAVDEFENCE.NS,2121235553.129425
KAYA.NS,4739293203.054382
KAYNES.NS,248337488461.0642
KCP.NS,19584009219.05403
KCPSUGIND.NS,2578376033.7882214
KDDL.NS,28626574200.0
KEC.NS,139821550000.0
KECL.NS,5377752915.710632
KEEPLEARN.NS,300524312.0225762
KEI.NS,457879049752.5
KELLTONTEC.NS,8777391219.148693
KERNEX.NS,16666323783.915405
KESORAMIND.NS,2569188635.220539
KEYFINSERV.NS,1474955439.8842163
KFINTECH.NS,157016012309.75
KHADIM.NS,1904056343.9507294
KHAICHEM.NS,5008712469.690437
KHAITANLTD.NS,465740364.405838
KHANDSE.NS,272585508.1515026
KICL.NS,20577132780.0
KILITCH.NS,5606859837.307739
KIMS.NS,277316284017.2415
KINGFA.NS,55237655373.93701
KIOCL.NS,186032614501.11832
KIRIINDUS.NS,23094761098.90332
KIRLOSBROS.NS,124734953830.5
KIRLOSENG.NS,211455389314.37476
KIRLOSIND.NS,29694560978.031494
KIRLPNU.NS,71739583405.0
KITEX.NS,32749790585.604492
KKCL.NS,28239741026.25
KMEW.NS,38155808330.20386
KMSUGAR.NS,2387404481.6905594
KNAGRI.NS,4453806075.308746
KNRCON.NS,33898557495.878128
KOHINOOR.NS,917152214.5486984
KOKUYOCMLN.NS,7605034540.309708
KOLTEPATIL.NS,28843200573.5
KOPRAN.NS,5844489673.406792
KOTAKBANK.NS,3842441271593.7217
KOTARISUG.NS,2067241254.407278
KOTHARIPET.NS,6654351019.750977
KOTHARIPRO.NS,3733128712.9483147
KPEL.NS,16712236852.5
KPIGREEN.NS,67012580658.029236
KPIL.NS,186312847686.0
KPITTECH.NS,187655953999.276
KPRMILL.NS,284824621439.76654
KRBL.NS,69971642778.46606
KREBSBIO.NS,1131111415.1067696
KRIDHANINF.NS,262538396.04223013
KRISHANA.NS,29504131474.731445
KRISHIVAL.NS,7974245699.727264
KRISHNADEF.NS,16328153139.63794
KRITI.NS,4208302592.163086
KRITIKA.NS,1568389164.4477844
KRITINUT.NS,3093283894.4999886
KRN.NS,57109483321.25244
KRONOX.NS,4080698044.555664
KROSS.NS,11843930272.934265
KRSNAA.NS,19077182211.240234
KRYSTAL.NS,8062514731.043945
KSB.NS,131155951942.9956
KSCL.NS,38943632304.73596
KSHINTL.NS,25384672591.452026
KSHITIJPOL.NS,204701090.5561266
KSL.NS,30436912140.109253
KSOLVES.NS,6711681310.546875
KSR.NS,671061283.8989067
KTKBANK.NS,77825063275.4458
KUANTUM.NS,7098023344.6310425
KWIL.NS,60008562982.59505
LAGNAM.NS,1135940026.1764526
LAKPRE.NS,105267367.76192093
LAL.NS,1202246401.5493765
LALPATHLAB.NS,227718431994.20166
LAMBODHARA.NS,991640051.2225494
LANCORHOL.NS,1604873196.7541504
LANDMARK.NS,14846303936.485779
LAOPALA.NS,21255880577.57553
LASA.NS,387783578.39273643
LATENTVIEW.NS,62832768914.03015
LATTEYS.NS,1137267477.7592506
LAURUSLABS.NS,551326395175.0
LAXMICOT.NS,232693890.2369461
LAXMIDENTL.NS,9559016853.4413
LAXMIINDIA.NS,4528488744.73822
LCCINFOTEC.NS,605052915.0458107
LEMERITE.NS,10717182297.363281
LEMONTREE.NS,85321581378.25
LENSKART.NS,876239453138.0
LEXUS.NS,738980467.5914001
LFIC.NS,374940010.0708008
LGBBROSLTD.NS,56524446092.46777
LGEINDIA.NS,1041372572197.4167
LGHL.NS,13537514340.0
LIBAS.NS,260811331.95034027
LIBERTSHOE.NS,3809838856.8887787
LICHSGFIN.NS,275141519314.6362
LICI.NS,5094153302804.289
LIKHITHA.NS,5699216409.919922
LINC.NS,6055846712.433624
LINCOLN.NS,12350329795.792969
LINDEINDIA.NS,560487913556.0
LLOYDSENGG.NS,64399014329.46042
LLOYDSENT.NS,71763204372.18324
LLOYDSME.NS,632803347587.0142
LMW.NS,155565846000.0
LODHA.NS,887736374560.9248
LOKESHMACH.NS,4180009380.937622
LORDSCHLO.NS,3452790250.5
LOTUSDEV.NS,58470904366.10672
LOTUSEYE.NS,2286452883.501892
LOVABLE.NS,994707986.4501953
LOYALTEX.NS,1090991487.075348
LPDC.NS,790035027.9220848
LT.NS,5285237189907.963
LTF.NS,667290851968.2991
LTFOODS.NS,131954393624.09558
LTM.NS,1279785049484.5762
LTTS.NS,330050717403.9917
LUMAXIND.NS,48955588911.0
LUMAXTECH.NS,100648479645.48706
LUPIN.NS,1052616282312.0269
LUXIND.NS,26120261382.4281
LXCHEM.NS,32340385977.00055
LYKALABS.NS,2039780634.332489
LYPSAGEMS.NS,148315155.24215412
M&M.NS,3826627179450.071
M&MFIN.NS,483330036874.9525
MAANALU.NS,6886550346.737732
MACPOWER.NS,9202326331.757812
MADHAV.NS,321689348.68257904
MADHUCON.NS,318462442.9903908
MADRASFERT.NS,9625802675.0
MAGADSUGAR.NS,6392667863.491516
MAGNUM.NS,1338809452.812523
MAHABANK.NS,505258263509.4003
MAHAPEXLTD.NS,1518251771.627472
MAHASTEEL.NS,14355613487.25
MAHEPC.NS,3142194156.5822754
MAHESHWARI.NS,1243082400.0
MAHLIFE.NS,74350680279.21625
MAHLOG.NS,38756302856.00598
MAHSCOOTER.NS,144507231180.0
MAHSEAMLES.NS,72647697743.26611
MAITHANALL.NS,27018428844.2688
MALLCOM.NS,6533280000.0
MALUPAPER.NS,533147151.5495968
MAMATA.NS,
MANAKALUCO.NS,
MANAKCOAT.NS,
MANAKSIA.NS,
MANAKSTEEL.NS,
MANALIPETC.NS,
MANAPPURAM.NS,
MANBA.NS,
MANCREDIT.NS,
MANGALAM.NS,
MANGLMCEM.NS,
MANINDS.NS,
MANINFRA.NS,
MANKIND.NS,
MANOMAY.NS,
MANORAMA.NS,
MANORG.NS,
MANUGRAPH.NS,
MANYAVAR.NS,
MAPMYINDIA.NS,
MARALOVER.NS,
MARATHON.NS,
MARICO.NS,
MARINE.NS,
MARKOLINES.NS,
MARKSANS.NS,
MARUTI.NS,
MASFIN.NS,
MASKINVEST.NS,
MASTEK.NS,
MASTERTR.NS,
MATRIMONY.NS,
MAWANASUG.NS,
MAXESTATES.NS,
MAXHEALTH.NS,
MAXIND.NS,
MAYURUNIQ.NS,
MAZDA.NS,
MAZDOCK.NS,
MBAPL.NS,
MBEL.NS,
MBLINFRA.NS,
MCL.NS,
MCLEODRUSS.NS,
MCLOUD.NS,
MCX.NS,
MEDANTA.NS,
MEDIASSIST.NS,
MEDICAMEQ.NS,
MEDICO.NS,
MEDPLUS.NS,
MEESHO.NS,
MEGASTAR.NS,
MEIL.NS,
MENONBE.NS,
MEP.NS,
METROBRAND.NS,
METROPOLIS.NS,
MFML.NS,
MFSL.NS,
MGEL.NS,
MGL.NS,
MHLXMIRU.NS,
MHRIL.NS,
MICEL.NS,
MIDHANI.NS,
MIDWESTLTD.NS,
MINDACORP.NS,
MINDTECK.NS,
MIRCELECTR.NS,
MIRZAINT.NS,
MITCON.NS,
MITTAL.NS,
MKPL.NS,
MMFL.NS,
MMP.NS,
MMTC.NS,
MOBIKWIK.NS,
MODINATUR.NS,
MODIRUBBER.NS,
MODIS.NS,
MODISONLTD.NS,
MODTHREAD.NS,
MOHITIND.NS,
MOIL.NS,
MOKSH.NS,
MOL.NS,
MOLDTECH.NS,
MOLDTKPAC.NS,
MONARCH.NS,
MONEYBOXX.NS,
MONTECARLO.NS,
MORARJEE.NS,
MOREPENLAB.NS,
MOSCHIP.NS,
MOTHERSON.NS,
MOTILALOFS.NS,
MOTISONS.NS,
MOTOGENFIN.NS,
MPHASIS.NS,
MPSLTD.NS,
MRF.NS,
MRPL.NS,
MSPL.NS,
MSTCLTD.NS,
MSUMI.NS,
MTARTECH.NS,
MTEDUCARE.NS,
MTNL.NS,
MUFIN.NS,
MUFTI.NS,
MUKANDLTD.NS,
MUKKA.NS,
MUKTAARTS.NS,
MUNJALAU.NS,
MUNJALSHOW.NS,
MURUDCERA.NS,
MUTHOOTCAP.NS,
MUTHOOTFIN.NS,
MUTHOOTMF.NS,
MVGJL.NS,
MWL.NS,
NACLIND.NS,
NAGAFERT.NS,
NAGREEKCAP.NS,
NAGREEKEXP.NS,
NAHARCAP.NS,
NAHARINDUS.NS,
NAHARPOLY.NS,
NAHARSPING.NS,
NAM-INDIA.NS,
NARMADA.NS,
NATCAPSUQ.NS,
NATCOPHARM.NS,
NATHBIOGEN.NS,
NATIONALUM.NS,
NAUKRI.NS,
NAVA.NS,
NAVINFLUOR.NS,
NAVKARCORP.NS,
NAVKARURB.NS,
NAVNETEDUL.NS,
NAZARA.NS,
NBCC.NS,
NBIFIN.NS,
NCC.NS,
NCLIND.NS,
NDGL.NS,
NDL.NS,
NDLVENTURE.NS,
NDRAUTO.NS,
NDTV.NS,
NECCLTD.NS,
NECLIFE.NS,
NELCAST.NS,
NELCO.NS,
NEOGEN.NS,
NEPHROPLUS.NS,
NESCO.NS,
NESTLEIND.NS,
NETWEB.NS,
NETWORK18.NS,
NEUEON.NS,
NEULANDLAB.NS,
NEWGEN.NS,
NEXTMEDIA.NS,
NFL.NS,
NGIL.NS,
NGLFINE.NS,
NH.NS,
NHPC.NS,
NIACL.NS,
NIBE.NS,
NIBL.NS,
NIITLTD.NS,
NIITMTS.NS,
NILAINFRA.NS,
NILASPACES.NS,
NILKAMAL.NS,
NINSYS.NS,
NIPPOBATRY.NS,
NIRAJ.NS,
NIRAJISPAT.NS,
NITCO.NS,
NITINSPIN.NS,
NITIRAJ.NS,
NIVABUPA.NS,
NKIND.NS,
NLCINDIA.NS,
NMDC.NS,
NOCIL.NS,
NOIDATOLL.NS,
NORBTEAEXP.NS,
NORTHARC.NS,
NOVAAGRI.NS,
NPST.NS,
NRAIL.NS,
NRBBEARING.NS,
NRL.NS,
NSIL.NS,
NSLNISP.NS,
NTPC.NS,
NTPCGREEN.NS,
NUCLEUS.NS,
NURECA.NS,
NUVAMA.NS,
NUVOCO.NS,
NYKAA.NS,
OAL.NS,
OBCL.NS,
OBEROIRLTY.NS,
OCCLLTD.NS,
ODIGMA.NS,
OFSS.NS,
OIL.NS,
OILCOUNTUB.NS,
OLAELEC.NS,
OLECTRA.NS,
OMAXAUTO.NS,
OMAXE.NS,
OMFREIGHT.NS,
OMINFRAL.NS,
OMKARCHEM.NS,
OMNI.NS,
ONECAP-RE.NS,
ONELIFECAP.NS,
ONEPOINT.NS,
ONESOURCE.NS,
ONGC.NS,
ONMOBILE.NS,
ONWARDTEC.NS,
OPTIEMUS.NS,
ORBTEXP.NS,
ORCHASP.NS,
ORCHPHARMA.NS,
ORICONENT.NS,
ORIENTALTL.NS,
ORIENTBELL.NS,
ORIENTCEM.NS,
ORIENTCER.NS,
ORIENTELEC.NS,
ORIENTHOT.NS,
ORIENTLTD.NS,
ORIENTPPR.NS,
ORIENTTECH.NS,
ORISSAMINE.NS,
ORKLAINDIA.NS,
ORTEL.NS,
ORTINGLOBE.NS,
OSIAHYPER.NS,
OSWALAGRO.NS,
OSWALGREEN.NS,
OSWALPUMPS.NS,
OSWALSEEDS.NS,
PACEDIGITK.NS,
PAGEIND.NS,
PAISALO.NS,
PAKKA.NS,
PALASHSECU.NS,
PALREDTEC.NS,
PANACEABIO.NS,
PANACHE.NS,
PANAMAPET.NS,
PANSARI.NS,
PAR.NS,
PARACABLES.NS,
PARADEEP.NS,
PARAGMILK.NS,
PARAS.NS,
PARASPETRO.NS,
PARKHOSPS.NS,
PARKHOTELS.NS,
PARSVNATH.NS,
PASHUPATI.NS,
PASUPTAC.NS,
PATANJALI.NS,
PATELENG.NS,
PATELRMART.NS,
PATINTLOG.NS,
PAUSHAKLTD.NS,
PAVNAIND.NS,
PAYTM.NS,
PCBL.NS,
PCJEWELLER.NS,
PDMJEPAPER.NS,
PDSL.NS,
PEARLPOLY.NS,
PENIND.NS,
PENINLAND.NS,
PERSISTENT.NS,
PETRONET.NS,
PFC.NS,
PFIZER.NS,
PFOCUS.NS,
PFS.NS,
PGEL.NS,
PGHH.NS,
PGHL.NS,
PGIL.NS,
PHOENIXLTD.NS,
PICCADIL.NS,
PIDILITIND.NS,
PIGL.NS,
PIIND.NS,
PILANIINVS.NS,
PILITA.NS,
PINELABS.NS,
PIONEEREMB.NS,
PIRAMALFIN.NS,
PITTIENG.NS,
PIXTRANS.NS,
PKTEA.NS,
PLASTIBLEN.NS,
PLATIND.NS,
PLAZACABLE.NS,
PNB.NS,
PNBGILTS.NS,
PNBHOUSING.NS,
PNC.NS,
PNCINFRA.NS,
PNGJL.NS,
PNGSREVA.NS,
POCL.NS,
PODDARMENT.NS,
POKARNA.NS,
POLICYBZR.NS,
POLYCAB.NS,
POLYMED.NS,
POLYPLEX.NS,
PONNIERODE.NS,
POONAWALLA.NS,
POWERGRID.NS,
POWERINDIA.NS,
POWERMECH.NS,
PPAP.NS,
PPL.NS,
PPLPHARMA.NS,
PRABHA.NS,
PRAENG.NS,
PRAJIND.NS,
PRAKASH.NS,
PRAKASHSTL.NS,
PRAXIS.NS,
PRECAM.NS,
PRECOT.NS,
PRECWIRE.NS,
PREMEXPLN.NS,
PREMIER.NS,
PREMIERENE.NS,
PREMIERPOL.NS,
PRESTIGE.NS,
PRICOLLTD.NS,
PRIMESECU.NS,
PRIMO.NS,
PRINCEPIPE.NS,
PRITI.NS,
PRITIKAUTO.NS,
PRIVISCL.NS,
PROSTARM.NS,
PROTEAN.NS,
PROZONER.NS,
PRSMJOHNSN.NS,
PRUDENT.NS,
PRUDMOULI.NS,
PSB.NS,
PSPPROJECT.NS,
PTC.NS,
PTCIL.NS,
PTL.NS,
PUNJABCHEM.NS,
PURVA.NS,
PVP.NS,
PVRINOX.NS,
PVSL.NS,
PWL.NS,
PYRAMID.NS,
QPOWER.NS,
QUADFUTURE.NS,
QUESS.NS,
QUICKHEAL.NS,
RACE.NS,
RACLGEAR.NS,
RADAAN.NS,
RADHIKAJWE.NS,
RADIANTCMS.NS,
RADICO.NS,
RADIOCITY.NS,
RAILTEL.NS,
RAIN.NS,
RAINBOW.NS,
RAJESHEXPO.NS,
RAJMET.NS,
RAJOOENG.NS,
RAJRATAN.NS,
RAJRILTD.NS,
RAJSREESUG.NS,
RAJTV.NS,
RALLIS.NS,
RAMANEWS.NS,
RAMAPHO.NS,
RAMASTEEL.NS,
RAMCOCEM.NS,
RAMCOIND.NS,
RAMCOSYS.NS,
RAMKY.NS,
RAMRAT.NS,
RANASUG.NS,
RANEHOLDIN.NS,
RATEGAIN.NS,
RATNAMANI.NS,
RATNAVEER.NS,
RAYMOND.NS,
RAYMONDLSL.NS,
RAYMONDREL.NS,
RBA.NS,
RBLBANK.NS,
RBZJEWEL.NS,
RCF.NS,
RCOM.NS,
RECLTD.NS,
REDINGTON.NS,
REDTAPE.NS,
REFEX.NS,
REGAAL.NS,
REGENCERAM.NS,
RELAXO.NS,
RELCHEMQ.NS,
RELIABLE.NS,
RELIANCE.NS,
RELIGARE.NS,
RELINFRA.NS,
RELTD.NS,
REMSONSIND.NS,
RENUKA.NS,
REPCOHOME.NS,
REPL.NS,
REPRO.NS,
RESPONIND.NS,
RETAIL.NS,
RGL.NS,
RHETAN.NS,
RHFL.NS,
RHIM.NS,
RHL.NS,
RICOAUTO.NS,
RIIL.NS,
RISHABH.NS,
RITCO.NS,
RITES.NS,
RKDL.NS,
RKEC.NS,
RKFORGE.NS,
RKSWAMY.NS,
RMDRIP.NS,
RML.NS,
RNBDENIMS.NS,
ROHLTD.NS,
ROLEXRINGS.NS,
ROLLT.NS,
ROML.NS,
ROSSARI.NS,
ROSSELLIND.NS,
ROSSTECH.NS,
ROTO.NS,
ROUTE.NS,
RPEL.NS,
RPGLIFE.NS,
RPOWER.NS,
RPPINFRA.NS,
RPPL.NS,
RPSGVENT.NS,
RPTECH.NS,
RRKABEL.NS,
RSSOFTWARE.NS,
RSWM.NS,
RSYSTEMS.NS,
RTNINDIA.NS,
RTNPOWER.NS,
RUBFILA.NS,
RUBICON.NS,
RUBYMILLS.NS,
RUCHINFRA.NS,
RUCHIRA.NS,
RUDRA.NS,
RUPA.NS,
RUSHIL.NS,
RUSTOMJEE.NS,
RVHL.NS,
RVNL.NS,
RVTH.NS,
S&SPOWER.NS,
SAATVIKGL.NS,
SABEVENTS.NS,
SADBHAV.NS,
SADBHIN.NS,
SADHNANIQ.NS,
SAFARI.NS,
SAGARDEEP.NS,
SAGCEM.NS,
SAGILITY.NS,
SAHYADRI.NS,
SAIL.NS,
SAILIFE.NS,
SAKAR.NS,
SAKHTISUG.NS,
SAKSOFT.NS,
SAKUMA.NS,
SALASAR.NS,
SALONA.NS,
SALSTEEL.NS,
SALZERELEC.NS,
SAMBHAAV.NS,
SAMBHV.NS,
SAMHI.NS,
SAMMAANCAP.NS,
SAMPANN.NS,
SANATHAN.NS,
SANCO.NS,
SANDESH.NS,
SANDHAR.NS,
SANDUMA.NS,
SANGAMIND.NS,
SANGHIIND.NS,
SANGHVIMOV.NS,
SANGINITA.NS,
SANOFI.NS,
SANOFICONR.NS,
SANSERA.NS,
SANSTAR.NS,
SANWARIA.NS,
SAPPHIRE.NS,
SARDAEN.NS,
SAREGAMA.NS,
SARLAPOLY.NS,
SARVESHWAR.NS,
SASKEN.NS,
SASTASUNDR.NS,
SATIA.NS,
SATIN.NS,
SAURASHCEM.NS,
SBC.NS,
SBCL.NS,
SBFC.NS,
SBGLP.NS,
SBICARD.NS,
SBILIFE.NS,
SBIN.NS,
SCHAEFFLER.NS,
SCHAND.NS,
SCHNEIDER.NS,
SCI.NS,
SCILAL.NS,
SCODATUBES.NS,
SCPL.NS,
SDBL.NS,
SEAMECLTD.NS,
SECMARK.NS,
SECURKLOUD.NS,
SEJALLTD.NS,
SELMC.NS,
SEMAC.NS,
SENCO.NS,
SENORES.NS,
SEPC.NS,
SERVOTECH.NS,
SESHAPAPER.NS,
SETCO.NS,
SETL.NS,
SETUINFRA.NS,
SEYAIND.NS,
SFL.NS,
SGFIN.NS,
SGIL.NS,
SGL.NS,
SGMART.NS,
SHADOWFAX.NS,
SHAH.NS,
SHAHALLOYS.NS,
SHAILY.NS,
SHAKTIPUMP.NS,
SHALBY.NS,
SHALPAINTS.NS,
SHANKARA.NS,
SHANTI.NS,
SHANTIGEAR.NS,
SHANTIGOLD.NS,
SHARDACROP.NS,
SHARDAMOTR.NS,
SHAREINDIA.NS,
SHEKHAWATI.NS,
SHEMAROO.NS,
SHILCTECH.NS,
SHILPAMED.NS,
SHIVALIK.NS,
SHIVAMAUTO.NS,
SHIVAMILLS.NS,
SHIVATEX.NS,
SHIVAUM.NS,
SHK.NS,
SHOPERSTOP.NS,
SHRADHA.NS,
SHREDIGCEM.NS,
SHREECEM.NS,
SHREEJISPG.NS,
SHREEPUSHK.NS,
SHREERAMA.NS,
SHRENIK.NS,
SHREYANIND.NS,
SHRINGARMS.NS,
SHRIPISTON.NS,
SHRIRAMFIN.NS,
SHRIRAMPPS.NS,
SHYAMCENT.NS,
SHYAMMETL.NS,
SHYAMTEL.NS,
SICALLOG.NS,
SIEMENS.NS,
SIGACHI.NS,
SIGIND.NS,
SIGMA.NS,
SIGMAADV.NS,
SIGNATURE.NS,
SIGNPOST.NS,
SIKKO.NS,
SIL.NS,
SILGO.NS,
SILINV.NS,
SILLYMONKS.NS,
SILVERTUC.NS,
SIMBHALS.NS,
SIMPLEXINF.NS,
SINCLAIR.NS,
SINDHUTRAD.NS,
SINTERCOM.NS,
SIRCA.NS,
SIS.NS,
SITINET.NS,
SIYSIL.NS,
SJS.NS,
SJVN.NS,
SKFINDIA.NS,
SKFINDUS.NS,
SKIPPER.NS,
SKMEGGPROD.NS,
SKYGOLD.NS,
SMARTLINK.NS,
SMARTWORKS.NS,
SMCGLOBAL.NS,
SMLMAH.NS,
SMLT.NS,
SMSPHARMA.NS,
SNOWMAN.NS,
SOBHA.NS,
SOFTTECH.NS,
SOLARA.NS,
SOLARINDS.NS,
SOLARWORLD.NS,
SOLEX.NS,
SOMANYCERA.NS,
SOMATEX.NS,
SOMICONVEY.NS,
SONACOMS.NS,
SONAMLTD.NS,
SONATSOFTW.NS,
SOTL.NS,
SOUTHBANK.NS,
SOUTHWEST.NS,
SPAL.NS,
SPANDANA.NS,
SPARC.NS,
SPCENET.NS,
SPECIALITY.NS,
SPECTRUM.NS,
SPENCERS.NS,
SPIC.NS,
SPLIL.NS,
SPLPETRO.NS,
SPMLINFRA.NS,
SPORTKING.NS,
SRD.NS,
SREEL.NS,
SRF.NS,
SRGHFL.NS,
SRHHYPOLTD.NS,
SRM.NS,
SRTL.NS,
SSDL.NS,
SSWL.NS,
STALLION.NS,
STANLEY.NS,
STAR.NS,
STARCEMENT.NS,
STARHEALTH.NS,
STARPAPER.NS,
STARTECK.NS,
STCINDIA.NS,
STEELCAS.NS,
STEELCITY.NS,
STEELXIND.NS,
STEL.NS,
STERTOOLS.NS,
STLNETWORK.NS,
STLTECH.NS,
STOVEKRAFT.NS,
STUDDS.NS,
STYL.NS,
STYLAMIND.NS,
STYLEBAAZA.NS,
STYRENIX.NS,
SUBEXLTD.NS,
SUBROS.NS,
SUDARCOLOR.NS,
SUDARSCHEM.NS,
SUDEEPPHRM.NS,
SUKHJITS.NS,
SULA.NS,
SUMEETINDS.NS,
SUMICHEM.NS,
SUMIT.NS,
SUMMITSEC.NS,
SUNCLAY.NS,
SUNDARAM.NS,
SUNDARMFIN.NS,
SUNDRMBRAK.NS,
SUNDRMFAST.NS,
SUNDROP.NS,
SUNFLAG.NS,
SUNPHARMA.NS,
SUNTECK.NS,
SUNTV.NS,
SUPERHOUSE.NS,
SUPERSPIN.NS,
SUPRAJIT.NS,
SUPREME.NS,
SUPREMEENG.NS,
SUPREMEIND.NS,
SUPREMEINF.NS,
SUPRIYA.NS,
SURAJEST.NS,
SURAJLTD.NS,
SURAKSHA.NS,
SURANASOL.NS,
SURANAT&P.NS,
SURYALAXMI.NS,
SURYAROSNI.NS,
SURYODAY.NS,
SUTLEJTEX.NS,
SUVEN.NS,
SUVIDHAA.NS,
SUYOG.NS,
SUZLON.NS,
SVLL.NS,
SVPGLOB.NS,
SWANCORP.NS,
SWANDEF.NS,
SWARAJENG.NS,
SWELECTES.NS,
SWIGGY.NS,
SWSOLAR.NS,
SYMPHONY.NS,
SYNCOMF.NS,
SYNGENE.NS,
SYRMA.NS,
SYSTMTXC.NS,
TAINWALCHM.NS,
TAJGVK.NS,
TAKE.NS,
TALBROAUTO.NS,
TANLA.NS,
TARACHAND.NS,
TARAPUR.NS,
TARC.NS,
TARIL.NS,
TARMAT.NS,
TARSONS.NS,
TASTYBITE.NS,
TATACAP.NS,
TATACHEM.NS,
TATACOMM.NS,
TATACONSUM.NS,
TATAELXSI.NS,
TATAINVEST.NS,
TATAPOWER.NS,
TATASTEEL.NS,
TATATECH.NS,
TATVA.NS,
TBOTEK.NS,
TBZ.NS,
TCC.NS,
TCI.NS,
TCIEXP.NS,
TCIFINANCE.NS,
TCPLPACK.NS,
TCS.NS,
TDPOWERSYS.NS,
TEAMGTY.NS,
TEAMLEASE.NS,
TECHM.NS,
TECHNOE.NS,
TECILCHEM.NS,
TEGA.NS,
TEJASNET.NS,
TEMBO.NS,
TENNIND.NS,
TERASOFT.NS,
TEXINFRA.NS,
TEXMOPIPES.NS,
TEXRAIL.NS,
TFCILTD.NS,
TFL.NS,
TGBHOTELS.NS,
THANGAMAYL.NS,
THEINVEST.NS,
THEJO.NS,
THELEELA.NS,
THEMISMED.NS,
THERMAX.NS,
THOMASCOOK.NS,
THOMASCOTT.NS,
THYROCARE.NS,
TI.NS,
TICL.NS,
TIGERLOGS.NS,
TIIL.NS,
TIINDIA.NS,
TIJARIA.NS,
TIL.NS,
TIMETECHNO.NS,
TIMKEN.NS,
TINNARUBR.NS,
TIPSFILMS.NS,
TIPSMUSIC.NS,
TIRUMALCHM.NS,
TIRUPATIFL.NS,
TITAGARH.NS,
TITAN.NS,
TMB.NS,
TMCV.NS,
TMPV.NS,
TNPETRO.NS,
TNPL.NS,
TNTELE.NS,
TOKYOPLAST.NS,
TOLINS.NS,
TORNTPHARM.NS,
TORNTPOWER.NS,
TOTAL.NS,
TOUCHWOOD.NS,
TPHQ.NS,
TPLPLASTEH.NS,
TRACXN.NS,
TRANSRAILL.NS,
TRANSWORLD.NS,
TRAVELFOOD.NS,
TREEHOUSE.NS,
TREJHARA.NS,
TREL.NS,
TRENT.NS,
TRF.NS,
TRIDENT.NS,
TRIGYN.NS,
TRITURBINE.NS,
TRIVENI.NS,
TRU.NS,
TRUALT.NS,
TSFINV.NS,
TTKHLTCARE.NS,
TTKPRESTIG.NS,
TTL.NS,
TTML.NS,
TVSELECT.NS,
TVSHLTD.NS,
TVSMOTOR.NS,
TVSSCS.NS,
TVSSRICHAK.NS,
TVTODAY.NS,
TVVISION.NS,
UBL.NS,
UCAL.NS,
UCOBANK.NS,
UDS.NS,
UEL.NS,
UFBL.NS,
UFLEX.NS,
UFO.NS,
UGARSUGAR.NS,
UGROCAP.NS,
UJJIVANSFB.NS,
ULTRACEMCO.NS,
UMAEXPORTS.NS,
UMESLTD.NS,
UMIYA-MRO.NS,
UNICHEMLAB.NS,
UNIDT.NS,
UNIECOM.NS,
UNIENTER.NS,
UNIINFO.NS,
UNIMECH.NS,
UNIONBANK.NS,
UNIPARTS.NS,
UNITDSPR.NS,
UNITECH.NS,
UNITEDPOLY.NS,
UNITEDTEA.NS,
UNIVASTU.NS,
UNIVCABLES.NS,
UNIVPHOTO.NS,
UNOMINDA.NS,
UPL.NS,
URAVIDEF.NS,
URBANCO.NS,
URJA.NS,
USHAMART.NS,
USK.NS,
UTIAMC.NS,
UTKARSHBNK.NS,
UTLSOLAR.NS,
UTTAMSUGAR.NS,
UYFINCORP.NS,
V2RETAIL.NS,
VADILALIND.NS,
VAIBHAVGBL.NS,
VAISHALI.NS,
VAKRANGEE.NS,
VALIANTLAB.NS,
VALIANTORG.NS,
VARDHACRLC.NS,
VARDMNPOLY.NS,
VARROC.NS,
VASCONEQ.NS,
VASWANI.NS,
VBL.NS,
VCL.NS,
VEDL.NS,
VEEDOL.NS,
VENKEYS.NS,
VENTIVE.NS,
VENUSPIPES.NS,
VENUSREM.NS,
VERANDA.NS,
VERTOZ.NS,
VESUVIUS.NS,
VETO.NS,
VGL.NS,
VGUARD.NS,
VHL.NS,
VHLTD.NS,
VIDHIING.NS,
VIDYAWIRES.NS,
VIJAYA.NS,
VIJIFIN.NS,
VIKASECO.NS,
VIKASLIFE.NS,
VIKRAMSOLR.NS,
VIKRAN.NS,
VIMTALABS.NS,
VINATIORGA.NS,
VINCOFE.NS,
VINDHYATEL.NS,
VINEETLAB.NS,
VINNY.NS,
VINYLINDIA.NS,
VIPCLOTHNG.NS,
VIPIND.NS,
VIPULLTD.NS,
VIRINCHI.NS,
VISAKAIND.NS,
VISASTEEL.NS,
VISHNU.NS,
VISHWARAJ.NS,
VIVIDHA.NS,
VIVIMEDLAB.NS,
VIYASH.NS,
VLEGOV.NS,
VLSFINANCE.NS,
VMART.NS,
VMM.NS,
VMSTMT.NS,
VOLTAMP.NS,
VOLTAS.NS,
VPRPL.NS,
VRAJ.NS,
VRLLOG.NS,
VSSL.NS,
VSTIND.NS,
VSTL.NS,
VSTTILLERS.NS,
VTL.NS,
WAAREEENER.NS,
WAAREEINDO.NS,
WAAREERTL.NS,
WABAG.NS,
WAKEFIT.NS,
WALCHANNAG.NS,
WANBURY.NS,
WCIL.NS,
WEALTH.NS,
WEBELSOLAR.NS,
WEIZMANIND.NS,
WEL.NS,
WELCORP.NS,
WELENT.NS,
WELINV.NS,
WELSPUNLIV.NS,
WENDT.NS,
WESTLIFE.NS,
WEWIN.NS,
WEWORK.NS,
WHEELS.NS,
WHIRLPOOL.NS,
WILLAMAGOR.NS,
WINDLAS.NS,
WINDMACHIN.NS,
WINSOME.NS,
WIPL.NS,
WIPRO.NS,
WOCKPHARMA.NS,
WONDERLA.NS,
WORTHPERI.NS,
WSI.NS,
WSTCSTPAPR.NS,
XCHANGING.NS,
XELPMOC.NS,
XPROINDIA.NS,
XTGLOBAL.NS,
YASHO.NS,
YATHARTH.NS,
YATRA.NS,
YESBANK.NS,
YUKEN.NS,
ZAGGLE.NS,
ZEEL.NS,
ZEELEARN.NS,
ZEEMEDIA.NS,
ZENITHEXPO.NS,
ZENITHSTL.NS,
ZENSARTECH.NS,
ZENTEC.NS,
ZFCVINDIA.NS,
ZIMLAB.NS,
ZODIAC.NS,
ZODIACLOTH.NS,
ZOTA.NS,
ZUARI.NS,
ZUARIIND.NS,
ZYDUSLIFE.NS,
ZYDUSWELL.NS,
