Stock,MarketCap
20MICRONS.NS,7237261775.571716
21STCENMGM.NS,395219993.5913086
360ONE.NS,428309910000.0
3IINFOLTD.NS,4739345803.022293
3MINDIA.NS,342570778700.0
3PLAND.NS,549000000.0
5PAISA.NS,16850749500.906555
63MOONS.NS,36402044230.0
A2ZINFRA.NS,2433831534.9519405
AAATECH.NS,1224189823.3154297
AADHARHFC.NS,198855138690.93948
AAKASH.NS,861637523.1742859
AAREYDRUGS.NS,3447834392.7203293
AARNAV.NS,
AARON.NS,2573274790.338211
AARTECH.NS,1499879374.663353
AARTIDRUGS.NS,37840542557.06787
AARTIIND.NS,171395294490.0
AARTIPHARM.NS,85787635981.71869
AARTISURF.NS,4176579606.845398
AARVI.NS,2021660550.0
AAVAS.NS,96215738317.69666
ABAN.NS,940849055.7421284
ABB.NS,1459095116062.5
ABBOTINDIA.NS,558856642600.0
ABCAPITAL.NS,1034502244993.2008
ABCOTS.NS,4316729727.339172
ABDL.NS,195363558380.38055
ABFRL.NS,53964068781.695274
ABINFRA.NS,7895436270.289078
ABLBL.NS,89118007042.92342
ABMINTLLTD.NS,423360000.0
ABREL.NS,119523594279.2544
ABSLAMC.NS,297651256796.17737
ACC.NS,222340119392.0
ACCELYA.NS,16503966058.878662
ACCURACY.NS,624824014.3585205
ACE.NS,146035318693.1543
ACEINTEG.NS,170340007.78198242
ACI.NS,56920491046.63953
ACL.NS,3659234028.321762
ACMESOLAR.NS,301904287214.42175
ACUTAAS.NS,256174740738.0
ADANIENSOL.NS,1651600009034.0
ADANIENT.NS,3866367250059.4727
ADANIGREEN.NS,2111679830710.0
ADANIPORTS.NS,4095517636355.799
ADANIPOWER.NS,3878152222879.9355
ADFFOODS.NS,30965054921.30417
ADL.NS,414129008.49342346
ADOR.NS,26333938808.253174
ADROITINFO.NS,758806697.5
ADSL.NS,5965308668.78392
ADVAIT.NS,20030707075.5
ADVANCE.NS,7444929076.252441
ADVANIHOTR.NS,4372340979.475021
ADVENTHTL.NS,6656552338.110313
ADVENZYMES.NS,30114089543.01306
AEGISLOG.NS,477324908569.33594
AEGISVOPAK.NS,330901651427.20667
AEQUS.NS,186862631419.16245
AEROENTER.NS,14322060875.720215
AEROFLEX.NS,71954855100.0
AERONEU.NS,1805720000.0
AETHER.NS,221018401013.1482
AFCONS.NS,88636096071.0
AFFLE.NS,203440321920.5
AFFORDABLE.NS,1968468612.8334045
AFIL.NS,3311579787.2753143
AFSL.NS,10294751793.906921
AGARIND.NS,5716867138.390198
AGARWALEYE.NS,153329711472.97574
AGI.NS,50567471410.0741
AGIIL.NS,32636818769.72351
AGRITECH.NS,516780000.0
AGROPHOS.NS,456167587.5
AGSTRA.NS,318983951.18171406
AHCL.NS,16593897935.037613
AHLADA.NS,478723040.1420593
AHLEAST.NS,2351497834.026123
AHLUCONT.NS,38226452749.43848
AIAENG.NS,361084512197.6587
AIIL.NS,468772476000.0
AIRAN.NS,1920307157.0777893
AIROLAM.NS,1368032416.6259766
AJANTPHARM.NS,436981706928.0
AJAXENGG.NS,68171979845.35498
AJMERA.NS,23003443408.385468
AJOONI.NS,530510268.69885635
AKASH.NS,415492827.467926
AKG.NS,296793224.6887207
AKI.NS,619235736.0
AKSHAR.NS,338611460.6324136
AKSHARCHEM.NS,2932081135.0
AKSHOPTFBR.NS,1142139753.3167825
AKUMS.NS,122856748311.0216
AKZOINDIA.NS,
ALANKIT.NS,2071647847.7964878
ALBERTDAVD.NS,4788023629.567505
ALEMBICLTD.NS,26808023235.017975
ALGOQUANT.NS,19198859570.237
ALICON.NS,13921438604.848633
ALIVUS.NS,168737081128.5498
ALKALI.NS,898198844.9376373
ALKEM.NS,619944525000.0
ALKYLAMINE.NS,88542689317.66406
ALLCARGO.NS,15037695771.624287
ALLDIGI.NS,11472936017.429443
ALLTIME.NS,12072427967.809479
ALMONDZ.NS,3587255239.206394
ALOKINDS.NS,35352511086.89333
ALPA.NS,1236135250.0
ALPHAGEO.NS,1629062094.2262726
AMAGI.NS,123313198080.0
AMANTA.NS,7762763780.821335
AMBER.NS,231268382102.5
AMBICAAGAR.NS,413288234.8262787
AMBIKCO.NS,8810775000.0
AMBUJACEM.NS,912673322085.559
AMDIND.NS,980954219.6692276
AMJLAND.NS,1539140037.536621
AMNPLST.NS,8906087131.347656
AMRUTANJAN.NS,14991917018.75
ANANDRATHI.NS,353584880206.0
ANANTRAJ.NS,211607634840.0
ANDHRAPAP.NS,13879744217.842636
ANDHRSUGAR.NS,12466545627.183304
ANGELONE.NS,259516267690.0
ANIKINDS.NS,1235030127.0
ANKITMETAL.NS,304798692.11161137
ANMOL.NS,757527360.3821278
ANSALAPI.NS,629619504.0
ANTELOPUS.NS,38706725403.31201
ANTGRAPHIC.NS,110056812.67385483
ANTHEM.NS,478608279887.69147
ANUHPHR.NS,8448883505.859375
ANUP.NS,30840444564.550537
ANURAS.NS,132851382242.43713
APARINDS.NS,759857299539.0
APCL.NS,2740665570.8446655
APCOTEXIND.NS,30407069040.0
APEX.NS,10300000190.734863
APLAPOLLO.NS,578334664659.4214
APLLTD.NS,163737082292.0
APOLLO.NS,149345841604.73657
APOLLOHOSP.NS,1150277256000.0
APOLLOPIPE.NS,23257494433.67505
APOLLOTYRE.NS,254677248929.37006
APOLSINHOT.NS,3055210023.486328
APTECHT.NS,5025944181.555275
APTUS.NS,112098034765.90466
AQYLON.NS,4021629472.7905273
ARCHIDPLY.NS,2038302367.8221054
ARCHIES.NS,417183012.88604736
ARE&M.NS,135987845452.0
ARENTERP.NS,109271490.35066986
ARFIN.NS,14778401580.499817
ARIES.NS,6518424923.75
ARIHANTCAP.NS,9963767327.255249
ARIHANTSUP.NS,9428930300.330704
ARIS.NS,11456864608.29602
ARKADE.NS,22242501883.200394
ARMANFIN.NS,18502485118.27881
AROGRANITE.NS,351593992.9962158
ARROWGREEN.NS,12965819151.942139
ARSSBL.NS,33803590400.0
ARTEMISMED.NS,
ARTNIRMAN.NS,992999262.8479004
ARVEE.NS,2303180000.0
ARVIND.NS,144426377108.61694
ARVINDFASN.NS,51485853265.0
ARVSMART.NS,26628074098.550354
ASAHIINDIA.NS,241314073723.3916
ASAHISONG.NS,4360108141.856262
ASAL.NS,6698741633.25
ASALCBR.NS,11979250229.785156
ASHAPURMIN.NS,47017946601.69006
ASHIANA.NS,38581438889.48993
ASHIMASYN.NS,2874901170.0
ASHOKA.NS,29751047480.029198
ASHOKAMET.NS,374690034.2788696
ASHOKLEY.NS,897994912590.6904
ASIANENE.NS,22393336847.878235
ASIANHOTNR.NS,14282131715.0
ASIANPAINT.NS,2265276469085.0
ASIANTILES.NS,13895796291.280231
ASKAUTOLTD.NS,119773984223.47412
ASMS.NS,1793956957.934618
ASPINWALL.NS,1860752544.0
ASTEC.NS,15867181135.800049
ASTERDM.NS,602325655349.0
ASTRAL.NS,365122429974.4581
ASTRAMICRO.NS,157067531370.38672
ASTRAZEN.NS,147875000000.0
ASTRON.NS,132807049.05562973
ATALREAL.NS,1592066859.7626686
ATAM.NS,638832984.752655
ATGL.NS,642564040992.75
ATHERENERG.NS,558579086208.0
ATL.NS,7054239859.177099
ATLANTAA.NS,2828864925.3845215
ATLANTAELE.NS,145173140214.859
ATLASCYCLE.NS,591849258.0
ATUL.NS,172410917280.0
ATULAUTO.NS,11808169640.0
AUBANK.NS,772947525986.2854
AURIGROW.NS,186547200.00000003
AURIONPRO.NS,32126470671.06836
AUROPHARMA.NS,960305706755.0
AURUM.NS,21576963728.660965
AUSOMENT.NS,1902528953.6484375
AUTOAXLES.NS,24481399500.0
AUTOIND.NS,3752999375.1675797
AVADHSUGAR.NS,16801459661.634521
AVALON.NS,151749243938.5254
AVANTEL.NS,39273700854.337006
AVANTIFEED.NS,96938765745.0
AVG.NS,3142956768.0
AVL.NS,77502203860.28442
AVONMORE.NS,3603499271.743923
AVROIND.NS,93651637.45591164
AVTNPL.NS,13538047832.366943
AWFIS.NS,16834524267.748322
AWHCL.NS,9949948873.033997
AWL.NS,227799117025.12253
AXISBANK.NS,3811156241760.0
AXISCADES.NS,97316622832.0
AXITA.NS,2915972277.6664896
AYE.NS,39802746243.75
AYMSYNTEX.NS,16657547006.862762
AZAD.NS,188772434789.0
BAFNAPH.NS,9138441921.72638
BAGFILMS.NS,895643378.995204
BAIDFIN.NS,1671170711.8765965
BAJAJ-AUTO.NS,2757381710492.0
BAJAJCON.NS,62618422290.16904
BAJAJELEC.NS,34586691822.910034
BAJAJFINSV.NS,2781225333788.0
BAJAJHCARE.NS,10756018939.5
BAJAJHFL.NS,690529397417.9312
BAJAJHIND.NS,47682163191.26951
BAJAJHLDNG.NS,1194179362300.0
BAJAJINDEF.NS,6508799804.6875
BAJEL.NS,18968512140.170975
BAJFINANCE.NS,6039884682609.562
BALAJEE.NS,2036824118.429741
BALAJITELE.NS,11032157335.5
BALAMINES.NS,63408757000.0
BALAXI.NS,1261491396.05999
BALKRISHNA.NS,515834714.69446564
BALKRISIND.NS,399258001946.3159
BALMLAWRIE.NS,27136600739.22986
BALPHARMA.NS,1711493740.0
BALRAMCHIN.NS,142087718564.0
BALUFORGE.NS,60999429750.0
BANARBEADS.NS,758846958.2925568
BANARISUG.NS,41556565800.0
BANCOINDIA.NS,84570803625.0
BANDHANBNK.NS,272815583386.9389
BANG.NS,447480000.0
BANKA.NS,752555581.4663086
BANKBARODA.NS,1202858874398.89
BANKINDIA.NS,607052716580.0723
BANSALWIRE.NS,50794580537.4834
BANSWRAS.NS,3512554160.133606
BASF.NS,147417902034.44336
BASML.NS,1806223105.487585
BATAINDIA.NS,78568883633.0603
BAYERCROP.NS,157535517282.0381
BBL.NS,23251649255.820312
BBOX.NS,144299354062.5
BBTC.NS,90829062826.83105
BBTCL.NS,4820141400.0
BCG.NS,18530031410.14399
BCLIND.NS,9223854375.0
BCONCEPTS.NS,1741221841.5
BDL.NS,399553125000.0
BEARDSELL.NS,891276215.0440216
BECTORFOOD.NS,64474939381.03235
BEDMUTHA.NS,3460301559.0
BEL.NS,2800376314005.2495
BELLACASA.NS,3211661168.2891846
BELRISE.NS,223624867891.78537
BEML.NS,164645699266.8457
BEPL.NS,31057536567.45575
BERGEPAINT.NS,535778292114.0
BESTAGRO.NS,6330879270.296288
BETA.NS,20297095341.965332
BFINVEST.NS,16398602079.704956
BFUTILITIE.NS,18668076666.704956
BGRENERGY.NS,17048168550.0
BHAGCHEM.NS,29764239752.61902
BHAGERIA.NS,15884299843.76587
BHAGYANGR.NS,13834027242.0
BHANDA-RE2.NS,
BHANDARI.NS,915630190.75
BHARATCOAL.NS,
BHARATFORG.NS,894609320448.5288
BHARATGEAR.NS,1534584534.0079346
BHARATRAS.NS,16388376992.0
BHARATSE.NS,12761588421.63086
BHARATWIRE.NS,11111891436.659012
BHARTIARTL.NS,11042424826380.0
BHARTIHEXA.NS,691450012207.0312
BHEL.NS,1489974888351.6719
BIGBLOC.NS,5323247983.972549
BIKAJI.NS,121832815229.62646
BIL.NS,14494642401.947388
BILVYAPAR.NS,127973991.60695076
BIOCON.NS,605887100823.6638
BIOFILCHEM.NS,480077100.0
BIRLACABLE.NS,11281499633.789062
BIRLACORPN.NS,62605347111.0
BIRLAMONEY.NS,6329030512.0
BIRLANU.NS,10376277024.0
BLACKBUCK.NS,109143986629.73694
BLAL.NS,6536520999.595642
BLBLIMITED.NS,837914359.4664955
BLISSGVS.NS,71119133601.24121
BLKASHYAP.NS,11973115520.74115
BLS.NS,88814735656.539
BLSE.NS,28886921082.741425
BLUECOAST.NS,431572691.0157242
BLUEDART.NS,107157725054.58105
BLUEJET.NS,92474413832.50427
BLUESTARCO.NS,310034198760.0
BLUESTONE.NS,120709253960.0
BLUSPRING.NS,21576145754.506165
BMWVENTLTD.NS,4370436132.316589
BODALCHEM.NS,22703937135.641098
BOHRAIND.NS,296621854.365921
BOMDYEING.NS,20932311799.852753
BONLON.NS,648780951.8009796
BORANA.NS,7175577618.240051
BOROLTD.NS,33275257769.25
BORORENEW.NS,65084637916.476135
BOROSCI.NS,10043517013.500214
BOSCH-HCIL.NS,54316509214.56006
BOSCHLTD.NS,1320245436000.0
BPCL.NS,1268530423012.8115
BPL.NS,2174523419.1310654
BRIGADE.NS,186320259003.75
BRIGHOTEL.NS,21575057402.20312
BRITANNIA.NS,1146533088960.0
BRNL.NS,1368384935.951233
BROOKS.NS,1580381400.1481934
BSE.NS,1286616915936.0
BSHSL.NS,8867200160.0
BSL.NS,1237015697.0473633
BSOFT.NS,77406301687.13965
BTML.NS,1317308883.25
BUILDPRO.NS,31087635932.0
BUTTERFLY.NS,9780114397.0
BVCL.NS,911884033.8134766
BYKE.NS,1545376080.0798416
CALSOFT.NS,2184398333.1312256
CAMLINFINE.NS,17568698749.114876
CAMPUS.NS,62389232921.82095
CAMS.NS,170828715088.0
CANBK.NS,1077049111235.3984
CANFINHOME.NS,97076352943.12775
CANHLIFE.NS,135016601812.5
CANTABIL.NS,19000889314.6167
CAPACITE.NS,15106052135.84105
CAPILLARY.NS,43272494743.5
CAPITALSFB.NS,12727979095.744934
CAPLIPOINT.NS,197972462232.0
CAPTRUST.NS,678187305.2869682
CARBORUNIV.NS,241751332296.0
CARERATING.NS,48204518406.0
CARRARO.NS,29565641642.9115
CARTRADE.NS,142538842820.0
CARYSIL.NS,29324326786.0
CASTROLIND.NS,197280456470.23804
CCAVENUE.NS,52180484356.35782
CCCL.NS,5852548978.525206
CCHHL.NS,2107060490.271163
CCL.NS,140091438478.92578
CDSL.NS,260414000000.0
CEATLTD.NS,132987765493.29785
CEIGALL.NS,66424311372.77582
CEINSYS.NS,13567604328.0
CELEBRITY.NS,418273283.311162
CELLO.NS,74592878678.15051
CEMPRO.NS,199084635291.6328
CENTENKA.NS,11941346888.5
CENTEXT.NS,1448800048.828125
CENTRALBK.NS,274619516034.29422
CENTRUM.NS,9328816591.195908
CENTUM.NS,67485695711.84912
CENTURYPLY.NS,151377561312.35474
CERA.NS,65177656192.0
CEREBRAINT.NS,297884051.73187685
CESC.NS,177613189197.27585
CEWATER.NS,5325140498.260437
CGCL.NS,238142721849.35043
CGPOWER.NS,1390035669798.9092
CHALET.NS,184119312275.25
CHAMBLFERT.NS,159559777280.25
CHEMBOND.NS,2380346976.0
CHEMBONDCH.NS,5809660416.0
CHEMCON.NS,7875600715.0
CHEMFAB.NS,4713136798.069885
CHEMPLASTS.NS,31084343213.424255
CHENNPETRO.NS,208833350995.53223
CHEVIOT.NS,6794684669.876099
CHOICEIN.NS,161735739000.0
CHOLAFIN.NS,1375018577421.0
CHOLAHLDNG.NS,264090227141.2107
CIEINDIA.NS,142943739022.7116
CIFL.NS,8032296760.022736
CIGNITITEC.NS,34711922363.36682
CINELINE.NS,3323036553.578308
CINEVISTA.NS,781136081.9102764
CIPLA.NS,1075518189196.3074
CLEAN.NS,84883815831.47717
CLEANMAX.NS,152851245841.06567
CLEDUCATE.NS,2983402193.981758
CLSEL.NS,14104671809.498901
CMSINFO.NS,35018673738.31009
CNL.NS,16318619989.263916
COALINDIA.NS,2622240903138.5
COASTCORP.NS,2411180280.0
COCHINSHIP.NS,337006479180.0
COFFEEDAY.NS,6329101307.833275
COFORGE.NS,816165727815.6548
COHANCE.NS,170982744441.81122
COLPAL.NS,481142586546.0
COMPINFO.NS,96049901.0818255
COMPUSOFT.NS,1032583718.4919319
COMSYN.NS,10913864573.944092
CONCOR.NS,334426439907.047
CONCORDBIO.NS,141514334042.5869
CONFIPET.NS,28605953295.3404
CONSOFINVT.NS,9196851127.0
CONTROLPR.NS,9879624947.641846
CORALFINAC.NS,1228008768.0766582
CORDSCABLE.NS,4019893348.8098145
COROMANDEL.NS,531352142596.0
CORONA.NS,
COSMOFIRST.NS,21340198591.75598
COUNCODOS.NS,500502570.1994896
CPCAP.NS,2453043896.554291
CPEDU.NS,3273819317.5295563
CPPLUS.NS,489220185109.0
CRAFTSMAN.NS,269652204230.0
CRAMC.NS,43877816439.41052
CREATIVEYE.NS,118343676.91290379
CREDITACC.NS,200596849630.9275
CREST.NS,10289834100.0
CRISIL.NS,328858366305.6968
CRIZAC.NS,29498550170.402527
CROMPTON.NS,136149362742.0578
CROWN.NS,1250056023.894165
CSBBANK.NS,52046568002.1091
CSLFINANCE.NS,4655808536.382019
CTE.NS,712278527.0
CUB.NS,225651793226.75
CUBEXTUB.NS,2259534298.698044
CUMMINSIND.NS,1338598800000.0
CUPID.NS,416038012372.8424
CURAA.NS,715275000.0
CYBERMEDIA.NS,367436265.72654724
CYBERTECH.NS,4238980380.4062653
CYIENT.NS,118727919279.5
CYIENTDLM.NS,74737452682.00366
DABUR.NS,668160903015.5256
DALBHARAT.NS,314708554844.8225
DALMIASUG.NS,34876745168.6857
DAMCAPITAL.NS,10368221962.280273
DAMODARIND.NS,3087250000.0
DANGEE.NS,451146760.2789402
DATAMATICS.NS,45458722336.872925
DATAPATTNS.NS,236364317118.0
DAVANGERE.NS,3900560254.5333867
DBCORP.NS,30504724087.654175
DBEIL.NS,3023097707.3848724
DBL.NS,64433742017.96542
DBOL.NS,8238047320.108337
DBREALTY.NS,49852607389.862885
DBSTOCKBRO.NS,1105299997.329712
DCAL.NS,23813784203.857193
DCBBANK.NS,63893381507.124756
DCI.NS,5611259899.902344
DCM.NS,1356004548.9000168
DCMFINSERV.NS,112616528.23601532
DCMNVL.NS,3231063902.1099396
DCMSHRIRAM.NS,158300333611.5
DCMSIL.NS,6759292509.02092
DCMSRIND.NS,3363117858.826046
DCW.NS,13175719778.731674
DCXINDIA.NS,17436430534.746323
DDEVPLSTIK.NS,25281419306.365723
DECCANCE.NS,7720233966.97998
DEEDEV.NS,47927522006.0
DEEPAKFERT.NS,163756832936.19104
DEEPAKNTR.NS,204071261284.38354
DEEPINDS.NS,47721601562.5
DELHIVERY.NS,298406482454.25
DELPHIFX.NS,1724232509.709227
DELTACORP.NS,23148810518.477463
DELTAMAGNT.NS,592579669.822998
DEN.NS,12286257822.026115
DENORA.NS,3876364611.602661
DENTA.NS,6948675000.0
DEVIT.NS,1179074695.1446934
DEVX.NS,3619672278.75
DEVYANI.NS,160306836893.50708
DGCONTENT.NS,1442437421.4740753
DHAMPURSUG.NS,11379036571.302109
DHANBANK.NS,10376633154.14759
DHANUKA.NS,40330010266.968994
DHARAN.NS,732026186.3965828
DHARMAJ.NS,8957972892.235352
DHRUV.NS,369848095.5
DHUNINV.NS,5932554194.0
DIACABS.NS,211148980432.32788
DIAMINESQ.NS,2393213522.0
DIAMONDYD.NS,25473437097.5
DICIND.NS,5470670292.0
DIFFNKG.NS,16621426607.501404
DIGIDRIVE.NS,675218842.806118
DIGISPICE.NS,3174941718.563081
DIGITIDE.NS,11076602377.5
DIGJAMLMTD.NS,959199981.6894531
DISHTV.NS,3903462835.7649555
DIVGIITTS.NS,34249820693.95349
DIVISLAB.NS,2451336867720.0
DIXON.NS,775102531964.0
DJML.NS,2640799801.5
DLF.NS,1665884778138.0
DLINKINDIA.NS,14613796476.704407
DMART.NS,2321213014795.548
DMCC.NS,8030658426.0
DNAMEDIA.NS,275436752.0170398
DODLA.NS,61232726135.0
DOLATALGO.NS,10998240295.410156
DOLLAR.NS,15534544921.832275
DOLPHIN.NS,24804839340.66284
DOMS.NS,126274217751.90234
DONEAR.NS,4166240142.8222656
DPABHUSHAN.NS,49764865600.0
DPSCLTD.NS,6534128521.547127
DPWIRES.NS,3050177351.3985596
DRCSYSTEMS.NS,1862971640.8701324
DREAMFOLKS.NS,3244134677.083359
DREDGECORP.NS,25327399658.203125
DRREDDY.NS,1003584736073.2727
DSFCL.NS,2455789342.728138
DSSL.NS,12304019280.0
DTIL.NS,1668579439.6661224
DUCON.NS,781820958.7835577
DVL.NS,9500464522.5
DWARKESH.NS,8169941840.57476
DYCL.NS,21142503167.86389
DYNAMATECH.NS,97436832721.0
DYNPRO.NS,2738967987.7454834
E2E.NS,136629496850.0
EASEMYTRIP.NS,21021012189.682167
EBGNG.NS,79044183344.35785
ECLERX.NS,173817338247.02148
ECOSMOBLTY.NS,6330000000.0
EDELWEISS.NS,128378092718.12659
EFCIL.NS,24933366501.261658
EICHERMOT.NS,1934966244741.0
EIDPARRY.NS,122887300938.2893
EIEL.NS,31695453385.620117
EIFFL.NS,6507519848.6328125
EIHAHOTELS.NS,17939644581.674377
EIHOTEL.NS,186671208327.0
EIMCOELECO.NS,12956370111.818848
EKC.NS,11793027206.984665
ELDEHSG.NS,7571410000.0
ELECON.NS,100093586037.24304
ELECTCAST.NS,46493662523.1451
ELECTHERM.NS,8919969800.0
ELGIEQUIP.NS,185393505515.47485
ELGIRUBCO.NS,2602600000.0
ELIN.NS,3927028380.0
ELLEN.NS,46910415320.20264
EMAMILTD.NS,161736047146.3623
EMAMIPAP.NS,7017889800.0
EMAMIREAL.NS,3574207962.445862
EMBDL.NS,77911372859.13866
EMCURE.NS,367829978099.9076
EMIL.NS,78892734822.26004
EMKAY.NS,7851276646.555786
EMMBI.NS,1647927441.8582916
EMMVEE.NS,204830282238.78873
EMSLIMITED.NS,18241870099.5
EMUDHRA.NS,49045621830.29205
ENDURANCE.NS,354892365504.0
ENERGYDEV.NS,679250009.059906
ENGINERSIN.NS,172828029697.5
ENIL.NS,4342774733.760719
ENRIN.NS,1190368434790.393
ENTERO.NS,73863004428.625
EPACK.NS,16203368062.313156
EPACKPEB.NS,25096366524.91971
EPIGRAL.NS,43879053826.54468
EPL.NS,75563010485.06259
EQUIPPP.NS,2299023438.8445854
EQUITASBNK.NS,77697663123.38791
ERIS.NS,164765921157.2279
ESABINDIA.NS,84723182080.0
ESAFSFB.NS,22218978564.28146
ESCORTS.NS,311234472720.56885
ESSARSHPNG.NS,3544431009.6966934
ESSENTIA.NS,1807941701.4009433
ESTER.NS,9710911424.276642
ETERNAL.NS,2946185948324.3286
ETHOSLTD.NS,69644924646.92798
EUREKAFORB.NS,66175381868.0
EUROBOND.NS,3530450149.536133
EUROPRATIK.NS,18753700000.0
EUROTEXIND.NS,194097341.19081497
EVEREADY.NS,23114548680.0
EVERESTIND.NS,7552095436.648315
EXCEL.NS,
EXCELINDUS.NS,11507211763.70166
EXCELSOFT.NS,9206733120.0
EXICOM.NS,20963493288.61711
EXIDEIND.NS,344250000000.0
EXPLEOSOL.NS,13423022639.999878
EXXARO.NS,2706834820.3368187
FABTECH.NS,6325348121.853058
FACT.NS,473494916974.5
FAIRCHEMOR.NS,8577809262.0
FAZE3Q.NS,10332131791.675903
FCL.NS,62964563307.62253
FCSSOFT.NS,2376278784.5446467
FDC.NS,53890137804.0
FEDERALBNK.NS,808151361303.9209
FEDFINA.NS,55967403372.45349
FEL.NS,192778974.1289091
FELDVR.NS,1008382344.3437576
FIBERWEB.NS,762980315.0
FIEMIND.NS,46222585606.86035
FILATEX.NS,46026651246.32931
FILATFASH.NS,1583473797.8800223
FINCABLES.NS,224423198586.87073
FINEORG.NS,159953094792.0
FINKURVE.NS,9545207108.217102
FINOPB.NS,10695229380.587372
FINPIPE.NS,92190607009.38858
FIRSTCRY.NS,83509184648.04785
FISCHER.NS,22482777216.72741
FIVESTAR.NS,153501742160.0
FLAIR.NS,23842542539.816467
FLEXITUFF.NS,100766012.2288413
FLFL.NS,213881354.8943491
FLUOROCHEM.NS,483977108544.9219
FMGOETZE.NS,24478137200.0
FMNL.NS,530765479.5159769
FOCUS.NS,3684180658.707905
FOODSIN.NS,3631723604.7398987
FORCEMOT.NS,219450643610.0
FORTIS.NS,578713159133.6023
FOSECOIND.NS,47576357807.0
FRACTAL.NS,124941250024.4165
FSL.NS,177502081695.91443
FUSION.NS,26921592728.028793
GABRIEL.NS,250293459206.13
GAEL.NS,72928634940.0
GAIL.NS,1096263000785.619
GALAPREC.NS,14841159600.0
GALAXYSURF.NS,85577702447.27856
GALLANTT.NS,126575977856.35193
GANDHAR.NS,27352435853.31848
GANDHITUBE.NS,11250048300.0
GANECOS.NS,25844364387.63159
GANESHBE.NS,8507709795.749428
GANESHCP.NS,5975054312.761047
GANESHHOU.NS,58708679696.59119
GANGAFORGE.NS,488658099.81967807
GANGESSECU.NS,1124614474.222702
GARFIBRES.NS,75189225650.0
GARUDA.NS,15908276649.642792
GATECH.NS,1215437541.1845393
GATECHDVR.NS,620355888.5339651
GATEWAY.NS,25731657554.0
GAUDIUMIVF.NS,7513062255.331177
GAYAHWS.NS,414597791.57099724
GCSL.NS,16046385885.0
GEECEE.NS,7788573721.320129
GEEKAYWIRE.NS,3266250000.0
GEMAROMA.NS,7979744913.932831
GENCON.NS,2244687131.628372
GENESYS.NS,19250318795.59085
GENUSPAPER.NS,2658682258.834305
GENUSPOWER.NS,77682764838.47488
GEOJITFSL.NS,21369588749.189514
GESHIP.NS,219437157367.7235
GFLLIMITED.NS,6066450000.0
GHCL.NS,36858248561.67499
GHCLTEXTIL.NS,12352550716.393463
GICHSGFIN.NS,7120188012.256165
GICL.NS,2384632638.985428
GICRE.NS,559741298583.9844
GILLANDERS.NS,2471443731.931671
GILLETTE.NS,227363351617.5
GINNIFILA.NS,3408872521.6541862
GIPCL.NS,27434418102.0
GKENERGY.NS,22735815209.125412
GKSL.NS,14924165575.799469
GKWLIMITED.NS,9288050258.666992
GLAND.NS,479422519097.2588
GLAXO.NS,463799848156.979
GLENMARK.NS,654761239040.0
GLFL.NS,141596498.0487876
GLOBAL.NS,7102794968.254089
GLOBALE.NS,109388834.5256567
GLOBALVECT.NS,1866900085.4492188
GLOBE.NS,932366861.0913019
GLOBECIVIL.NS,2450270456.0708313
GLOBUSSPR.NS,24843410785.547974
GLOSTERLTD.NS,5920850689.415283
GLOTTIS.NS,5248490329.502106
GMBREW.NS,21720569974.993103
GMDCLTD.NS,154977301940.91797
GMMPFAUDLR.NS,62490541360.0
GMRAIRPORT.NS,990617865939.01
GMRP&UI.NS,78625033214.3442
GNA.NS,25073733215.942383
GNFC.NS,86063159826.80951
GOACARBON.NS,3708921263.8928223
GOCLCORP.NS,17189260907.5
GOCOLORS.NS,15371176324.0
GODAVARIB.NS,11503336047.589325
GODFRYPHLP.NS,292465800000.0
GODIGIT.NS,236301957966.29428
GODREJAGRO.NS,123682039143.22815
GODREJCP.NS,855409589791.5664
GODREJIND.NS,350695625136.5973
GODREJPROP.NS,481962395200.0
GOKEX.NS,49257222436.102295
GOKUL.NS,3721222065.105438
GOKULAGRO.NS,60702290329.53302
GOLDENTOBC.NS,416909254.051075
GOLDIAM.NS,46732930681.072235
GOLDTECH.NS,2247859321.981735
GOODLUCK.NS,47963168487.0
GOPAL.NS,31665372026.0
GOYALALUM.NS,850687374.2448235
GPIL.NS,137793975838.75
GPPL.NS,81065357251.70581
GPTHEALTH.NS,12275402021.622894
GPTINFRA.NS,15214298032.817078
GRANULES.NS,222438313256.98187
GRAPHITE.NS,159875846185.24402
GRASIM.NS,2015197694502.0
GRAVITA.NS,103501251952.0
GREAVESCOT.NS,51461302138.03363
GREENLAM.NS,53833615046.54819
GREENPANEL.NS,19457288540.112534
GREENPLY.NS,38469829860.0
GREENPOWER.NS,10158454074.549572
GRINDWELL.NS,221783229296.875
GRINFRA.NS,77011707393.4176
GRMOVER.NS,16311375079.34372
GROBTEA.NS,1021688070.0
GROWW.NS,1159063180903.2068
GRPLTD.NS,9973330840.0
GRSE.NS,241441244806.64062
GRWRHITECH.NS,156354011620.0
GSFC.NS,58667845039.42032
GSLSU.NS,1237972864.9782867
GSPL.NS,156286551152.0
GSS.NS,265552413.48554707
GTECJAINX.NS,383823303.00320435
GTL.NS,1058607339.130198
GTLINFRA.NS,13706071011.120373
GTPL.NS,6119113880.419502
GUFICBIO.NS,41963215859.851685
GUJALKALI.NS,44425670490.046875
GUJAPOLLO.NS,4377375000.0
GUJGASLTD.NS,
GUJRAFFIA.NS,
GUJTHEM.NS,48696259631.367035
GULFOILLUB.NS,52982949250.0
GULFPETRO.NS,3135539554.5
GULPOLY.NS,9969868483.78125
GVKPIL.NS,3884857644.242096
GVPIL.NS,47452508764.05432
GVPTECH.NS,1380251977.5
GVT&D.NS,1085509285132.5
HAL.NS,3123379751879.883
HALDER.NS,3182048099.8249054
HALEOSLABS.NS,4684280951.610718
HAPPSTMNDS.NS,45732221138.726074
HAPPYFORGE.NS,189727427840.23096
HARDWYN.NS,6441468360.090385
HARIOMPIPE.NS,10008628182.818665
HARRMALAYA.NS,3178020684.6785736
HARSHA.NS,41998644525.121765
HATHWAY.NS,16638981624.75872
HATSUN.NS,255269515128.0
HAVELLS.NS,655739185496.1294
HAVISHA.NS,424678497.36776817
HBLENGINE.NS,212262029899.5
HBSL.NS,397924823.75
HCC.NS,52415556520.168655
HCG.NS,99898100382.22668
HCL-INSYS.NS,3292099280.0
HCLTECH.NS,3246920056800.0
HDBFS.NS,514718841565.22864
HDFCAMC.NS,1009395168795.0
HDFCBANK.NS,10863087790590.77
HDFCLIFE.NS,1153249521113.9219
HEADSUP.NS,135808047.4559617
HECPROJECT.NS,1203035760.0
HEG.NS,47954916205.0
HEIDELBERG.NS,29462070170.0
HEMIPROP.NS,31885499748.958984
HERANBA.NS,6708257498.327179
HERITGFOOD.NS,36654420000.0
HEROMOTOCO.NS,1016717331560.0
HESTERBIO.NS,18032852842.374268
HEXATRADEX.NS,8491110836.206543
HEXT.NS,302365366426.025
HFCL.NS,382979093477.0017
HGINFRA.NS,26267215493.00421
HGM.NS,491077979.4202423
HGS.NS,17019446551.187286
HIKAL.NS,26509661250.0
HILINFRA.NS,3137777650.0
HILTON.NS,854859443.5226898
HILTON-RE2.NS,
HIMATSEIDE.NS,8138041097.574005
HINDALCO.NS,2089088619910.5588
HINDCOMPOS.NS,5918676750.0
HINDCON.NS,1619671343.755722
HINDCOPPER.NS,463156166183.49243
HINDOILEXP.NS,21779147588.269592
HINDPETRO.NS,729736758179.5459
HINDUNILVR.NS,4316434050057.132
HINDWAREAP.NS,14353715371.736847
HINDZINC.NS,2372939047242.798
HIRECT.NS,38177244178.96802
HISARMETAL.NS,785700000.0
HITECH.NS,14238366403.124222
HITECHCORP.NS,5874089400.0
HITECHGEAR.NS,10953265608.0
HLEGLAS.NS,29566883240.13617
HLVLTD.NS,4080818812.533154
HMAAGRO.NS,11718012426.971493
HMT.NS,20976941340.465546
HMVL.NS,5599037648.0
HNDFDS.NS,69158259078.55444
HOMEFIRST.NS,114653485203.0
HONASA.NS,144608037027.0122
HONAUT.NS,299084970995.0
HONDAPOWER.NS,18837710965.93286
HPAL.NS,3078722215.641308
HPIL.NS,1256652100.0
HPL.NS,16978542543.381958
HSCL.NS,333271242587.5
HTMEDIA.NS,5123738842.058407
HUBTOWN.NS,23816070980.51358
HUDCO.NS,324668127337.6465
HUHTAMAKI.NS,17181994789.485626
HYBRIDFIN.NS,513074282.2332382
HYUNDAI.NS,1629144905500.0
IBULLSLTD.NS,66093052836.86952
ICDSLTD.NS,581121094.9508667
ICEMAKE.NS,9878114736.0
ICICIAMC.NS,1506005710440.0
ICICIBANK.NS,9570255769500.902
ICICIGI.NS,801881747580.0
ICICIPRULI.NS,658582559721.8926
ICIL.NS,88530289980.0
ICRA.NS,41212772709.09668
IDBI.NS,929330123266.6227
IDEA.NS,1386790868677.594
IDEAFORGE.NS,34767329660.698975
IDFCFIRSTB.NS,707933929276.713
IEX.NS,92567217558.12958
IFBAGRO.NS,8130652348.0
IFBIND.NS,47812179280.0
IFCI.NS,172813319545.86102
IFGLEXPOR.NS,13255258513.666992
IGARASHI.NS,12245367040.183105
IGCL.NS,3372368009.6272163
IGIL.NS,136346384088.0
IGL.NS,198534223478.02734
IGPL.NS,17121936600.0
IIFL.NS,255407649074.72687
IIFLCAPS.NS,109080259371.94406
IITL.NS,2762064096.0
IKIO.NS,14871124727.40924
IKS.NS,294582080444.0
IL&FSENGG.NS,5212062850.5
IL&FSTRANS.NS,631603237.7225672
IMAGICAA.NS,28830704808.119003
IMFA.NS,62624528199.72217
IMPAL.NS,12850655390.625
IMPEXFERRO.NS,569158572.4947205
INCREDIBLE.NS,1471655180.3898811
INDBANK.NS,1109455000.0
INDGN.NS,143762354508.0
INDHOTEL.NS,1046619234802.5
INDIACEM.NS,139430329113.4301
INDIAGLYCO.NS,20493433398.75
INDIAMART.NS,95873042458.74219
INDIANB.NS,1089559197115.7628
INDIANCARD.NS,1093166080.0
INDIANHUME.NS,17674733835.0
INDIASHLTR.NS,70486640907.5
INDIGO.NS,1908199656195.0
INDIGOPNTS.NS,49551249304.35242
INDIQUBE.NS,41867414100.68779
INDNIPPON.NS,27507651584.0
INDOAMIN.NS,10416314860.0
INDOBORAX.NS,14764609195.861816
INDOCO.NS,22739252742.208176
INDOFARM.NS,6219799221.313477
INDORAMA.NS,24348801330.75
INDOSTAR.NS,33074470786.086807
INDOTECH.NS,34526683037.109375
INDOTHAI.NS,4751155761.969795
INDOUS.NS,1537988338.8061523
INDOWIND.NS,1368518445.0
INDRAMEDCO.NS,30435436000.0
INDSWFTLAB.NS,33401681504.69171
INDTERRAIN.NS,1490633941.0056133
INDUSINDBK.NS,687283531433.1123
INDUSTOWER.NS,1002268793894.6862
INFOBEAN.NS,14359693655.793457
INFOMEDIA.NS,261511638.0347557
INFY.NS,4127300086621.0
INGERRAND.NS,131597527765.625
INNOVACAP.NS,65482489048.88599
INNOVANA.NS,6198000000.0
INOXGREEN.NS,62541756588.42526
INOXINDIA.NS,190209784228.0
INOXWIND.NS,117347350750.88164
INSECTICID.NS,16828733318.553589
INSPIRISYS.NS,3292162085.849449
INTELLECT.NS,83852059698.0
INTENTECH.NS,1891864593.0
INTERARCH.NS,27812008342.74414
INTLCONV.NS,5152229102.142334
INVENTURE.NS,892500025.0339508
IOB.NS,603308956808.1888
IOC.NS,1847058023590.9995
IOLCP.NS,60545920741.78482
IONEXCHANG.NS,49301255471.884155
IPCALAB.NS,491856355048.6987
IPL.NS,14801965542.659546
IRB.NS,204118195392.60864
IRCON.NS,100635184180.0
IRCTC.NS,360800000000.0
IREDA.NS,305700545726.4507
IRFC.NS,998303165363.617
IRIS.NS,4525014340.0
IRISDOREME.NS,11463664350.973167
IRMENERGY.NS,10667303583.38324
ISFT.NS,1601806729.8207092
ISGEC.NS,65882440960.0
ISHANCH.NS,1296417938.23135
ITC.NS,3355672321331.386
ITCHOTELS.NS,330957285856.333
ITDC.NS,57242499653.97949
ITI.NS,232990914860.9126
IVALUE.NS,12498338269.712524
IVC.NS,2474578027.138195
IVP.NS,2301723959.6734924
IXIGO.NS,71129388866.0469
IZMO.NS,13032879270.0
J&KBANK.NS,155486960415.0578
JAGRAN.NS,13322617789.851562
JAGSNPHARM.NS,15038291760.0
JAIBALAJI.NS,56103462945.0
JAICORPLTD.NS,15444439560.0
JAINREC.NS,100040375372.36334
JAIPURKURT.NS,496549475.50951767
JAMNAAUTO.NS,53757999702.68448
JARO.NS,8986101154.5
JASH.NS,37444272680.0
JAYAGROGN.NS,6390000000.0
JAYBARMARU.NS,13905795726.776123
JAYKAY.NS,31684138514.70923
JAYNECOIND.NS,88428809784.75485
JAYSREETEA.NS,2373729425.4729004
JBCHEPHARM.NS,387925905246.16113
JBMA.NS,128794770400.61426
JETFREIGHT.NS,1003191944.7515068
JGCHEM.NS,23909377296.14099
JHS.NS,920382703.1701422
JINDALPHOT.NS,10524010252.0
JINDALPOLY.NS,28023304320.0
JINDALSAW.NS,174835711758.26062
JINDALSTEL.NS,1109163749698.6821
JINDRILL.NS,16924964736.0
JINDWORLD.NS,45538181004.18091
JIOFIN.NS,1396630448408.5898
JISLDVREQS.NS,14002710803.514782
JISLJALEQS.NS,19599393403.05848
JITFINFRA.NS,6886022680.517029
JKCEMENT.NS,385336767737.0
JKIL.NS,34291608242.851196
JKIPL.NS,3646670000.0
JKLAKSHMI.NS,57969241236.13489
JKPAPER.NS,69789593851.21805
JKTYRE.NS,97686902561.92953
JLHL.NS,83285240445.9581
JMA.NS,1987171698.0
JMFINANCIL.NS,117941286268.2569
JNKINDIA.NS,24328761558.96881
JOCIL.NS,1317873843.0793762
JPASSOCIAT.NS,
JPOLYINVST.NS,9303057165.0
JPPOWER.NS,102185070064.81517
JSFB.NS,52836971241.02637
JSL.NS,611370769408.0
JSLL.NS,55891822485.82855
JSWCEMENT.NS,149442680890.84442
JSWENERGY.NS,897404649324.0
JSWHL.NS,126300224440.0
JSWINFRA.NS,834615811956.5
JSWSTEEL.NS,3006610783290.6045
JTEKTINDIA.NS,31456807749.274063
JTLIND.NS,33254705298.205032
JUBLCPL.NS,30304986000.0
JUBLFOOD.NS,293816108339.75
JUBLINGREA.NS,99132734948.69916
JUBLPHARMA.NS,154744263136.0
JUNIPER.NS,48283017328.0
JUSTDIAL.NS,55277619386.59619
JWL.NS,95239493797.11185
JYOTHYLAB.NS,66421762542.719604
JYOTICNC.NS,235155481264.0
JYOTISTRUC.NS,10360968617.436104
KABRAEXTRU.NS,27917066337.0
KAJARIACER.NS,190378805075.0
KAKATCEM.NS,814700342.1239319
KALAMANDIR.NS,11036512753.138206
KALPATARU.NS,55909158237.0
KALYANI.NS,144990000.0
KALYANIFRG.NS,3318583644.4091797
KALYANKJIL.NS,575242291404.0
KAMATHOTEL.NS,7296317820.0
KAMDHENU.NS,10393025908.916473
KAMOPAINTS.NS,1348899968.624115
KANANIIND.NS,257228390.56491852
KANORICHEM.NS,8083266605.0
KANPRPLA.NS,6266613248.0
KANSAINER.NS,143167260660.0
KAPSTON.NS,16707269016.0
KARMAENG.NS,416517048.0
KARURVYSYA.NS,314408522412.0
KAUSHALYA.NS,288819204.0
KAVDEFENCE.NS,4898924906.633148
KAYA.NS,4601845527.0
KAYNES.NS,228206915729.1482
KCP.NS,20085917121.436157
KCPSUGIND.NS,2900491200.7502613
KDDL.NS,48397666800.0
KEC.NS,98227800000.0
KECL.NS,8301094592.414238
KEEPLEARN.NS,280281741.9750693
KEI.NS,440938605646.5088
KELLTONTEC.NS,6478505344.290228
KERNEX.NS,27894012520.0
KESORAMIND.NS,3168769303.3456087
KEYFINSERV.NS,1319348604.7915497
KFINTECH.NS,150338207722.85974
KHADIM.NS,2120865310.8431854
KHAICHEM.NS,4665180372.006226
KHAITANLTD.NS,733054028.0
KHANDSE.NS,262365457.63772964
KICL.NS,20519120853.0
KILITCH.NS,8112831032.894226
KIMS.NS,297364590672.0
KINGFA.NS,90211543317.0
KIOCL.NS,195695853234.0
KIRIINDUS.NS,35415550395.50781
KIRLOSBROS.NS,138568575870.0
KIRLOSENG.NS,327363866938.14844
KIRLOSIND.NS,36780364632.0
KIRLPNU.NS,87735911815.15137
KITEX.NS,23401350608.825684
KKCL.NS,29145631998.01056
KMEW.NS,76042222366.0
KMSUGAR.NS,2496884557.6475525
KNAGRI.NS,5049779820.0
KNRCON.NS,31509524841.477966
KOHINOOR.NS,1052831437.8583336
KOKUYOCMLN.NS,7623089256.0
KOLTEPATIL.NS,38309800608.0
KOPRAN.NS,12965893381.581726
KOTAKBANK.NS,4143292552287.0
KOTARISUG.NS,2154274201.2183094
KOTHARIPET.NS,7385223200.0
KOTHARIPRO.NS,3810464692.307625
KPEL.NS,14495233773.103378
KPIGREEN.NS,63709672873.41211
KPIL.NS,234829323835.3484
KPITTECH.NS,133255223700.5
KPRMILL.NS,367834973733.4669
KRBL.NS,87332935498.53394
KREBSBIO.NS,1379877504.0
KRIDHANINF.NS,215347859.7974378
KRISHANA.NS,57561494656.58569
KRISHIVAL.NS,10469160958.5
KRISHNADEF.NS,17934998988.0
KRITI.NS,3213929128.4484863
KRITIKA.NS,1280806784.7633362
KRITINUT.NS,3499730795.5480957
KRN.NS,91183670998.0
KRONOX.NS,7413379313.232422
KROSS.NS,16733388477.0
KRSNAA.NS,18177009063.240234
KRYSTAL.NS,9097137606.08789
KSB.NS,140449650540.0
KSCL.NS,35876628066.214966
KSHINTL.NS,70316868768.38379
KSHITIJPOL.NS,578418277.5
KSL.NS,40385532870.34424
KSOLVES.NS,5877915192.388916
KSR.NS,706648801.9215927
KTKBANK.NS,123324977718.63647
KUANTUM.NS,6605856524.692535
KWIL.NS,88697070178.25
LAGNAM.NS,1256265873.0392456
LAKPRE.NS,119363643.0
LAL.NS,1459623823.0031176
LALPATHLAB.NS,328779237006.0
LAMBODHARA.NS,1312766400.0
LANCORHOL.NS,2383038256.229248
LANDMARK.NS,19654367340.0
LAOPALA.NS,17149500000.0
LASA.NS,266538600.08044767
LATENTVIEW.NS,48664559050.0
LATTEYS.NS,1172914808.0670834
LAURUSLABS.NS,1060740919995.1675
LAXMICOT.NS,224805947.8128147
LAXMIDENTL.NS,10402055559.0
LAXMIINDIA.NS,5922513585.087296
LCCINFOTEC.NS,469661333.32915306
LEMERITE.NS,483302403.717041
LEMONTREE.NS,85281986580.57283
LENSKART.NS,1198388649716.0845
LEXUS.NS,212406425.72257996
LFIC.NS,386970016.4794922
LGBBROSLTD.NS,53076395008.0
LGEINDIA.NS,1208214857760.0
LGHL.NS,10782423540.0
LIBAS.NS,294005508.7801361
LIBERTSHOE.NS,3627475283.203125
LICHSGFIN.NS,277341771314.6362
LICI.NS,2451885320187.9277
LIKHITHA.NS,8861623395.0
LINC.NS,5272196335.001656
LINCOLN.NS,11317797561.896484
LINDEINDIA.NS,516737107157.0
LLOYDSENGG.NS,158907163169.32532
LLOYDSENT.NS,121524620613.25403
LLOYDSME.NS,1011791492316.0
LMW.NS,176269500000.0
LODHA.NS,1125225262790.6016
LOKESHMACH.NS,9590578800.0
LORDSCHLO.NS,3953946436.7903595
LOTUSDEV.NS,115573380852.74704
LOTUSEYE.NS,2460976651.6901016
LOVABLE.NS,1021051968.3837891
LOYALTEX.NS,994596099.0
LPDC.NS,834370427.055645
LT.NS,5136658311110.478
LTF.NS,661188769520.2747
LTFOODS.NS,140637442320.0
LTM.NS,1181457227512.7546
LTTS.NS,341067351620.0
LUMAXIND.NS,51038616720.0
LUMAXTECH.NS,134202521145.0
LUPIN.NS,917186474511.7881
LUXIND.NS,34823006598.0
LXCHEM.NS,49196460142.23967
LYKALABS.NS,2801112169.64225
LYPSAGEMS.NS,
M&M.NS,3426135026502.17
M&MFIN.NS,451488892473.907
MAANALU.NS,6298410720.0
MACPOWER.NS,21708025807.03125
MADHAV.NS,308403100.92163086
MADHUCON.NS,284110511.9623661
MADRASFERT.NS,9342264657.403183
MAGADSUGAR.NS,7636254641.033936
MAGNUM.NS,1246454148.7656765
MAHABANK.NS,619170173475.0
MAHAPEXLTD.NS,1419899471.0635376
MAHASTEEL.NS,18722067677.539062
MAHEPC.NS,2717857557.684326
MAHESHWARI.NS,2120211051.0
MAHLIFE.NS,75107750458.2149
MAHLOG.NS,40232167160.5
MAHSCOOTER.NS,141737100336.0
MAHSEAMLES.NS,92124485750.0
MAITHANALL.NS,26331396975.0
MALLCOM.NS,5679960000.0
MALUPAPER.NS,542583366.9180107
MAMATA.NS,9939090269.805908
MANAKALUCO.NS,2205220882.4970245
MANAKCOAT.NS,13435890300.0
MANAKSIA.NS,3766897164.0008926
MANAKSTEEL.NS,6815541200.0
MANALIPETC.NS,14996613196.429993
MANAPPURAM.NS,291851738357.90515
MANBA.NS,6963182532.637024
MANCREDIT.NS,4668302433.469543
MANGALAM.NS,462026567.5731964
MANGLMCEM.NS,27222325020.0
MANINDS.NS,66627251440.75
MANINFRA.NS,48885636252.340546
MANKIND.NS,1023938778110.0
MANOMAY.NS,4241452725.0
MANORAMA.NS,122766737852.07397
MANORG.NS,3702407307.4536133
MANUGRAPH.NS,510797966.0915375
MANYAVAR.NS,126664034852.46918
MAPMYINDIA.NS,47828307647.33984
MARALOVER.NS,2390445726.333618
MARATHON.NS,25649161922.00226
MARICO.NS,1025414198240.0
MARINE.NS,65654919097.34711
MARKOLINES.NS,3731307198.8201904
MARKSANS.NS,150291753595.008
MARUTI.NS,3625690483368.0
MASFIN.NS,48584141691.75
MASKINVEST.NS,434442040.10009766
MASTEK.NS,49864452369.2168
MASTERTR.NS,9980287742.126465
MATRIMONY.NS,10627157419.289246
MAWANASUG.NS,5709497732.06543
MAXESTATES.NS,92160900498.04907
MAXHEALTH.NS,892525500167.0
MAXIND.NS,8437674993.706055
MAYURUNIQ.NS,30701433999.572754
MAZDA.NS,5665072377.7771
MAZDOCK.NS,836610120000.0
MBAPL.NS,71705126606.4972
MBEL.NS,14154708877.445068
MBLINFRA.NS,3725514158.936783
MCL.NS,1413597073.6999512
MCLEODRUSS.NS,4343269652.564163
MCLOUD.NS,14455707664.107056
MCX.NS,809787467725.5542
MEDANTA.NS,358098706762.6084
MEDIASSIST.NS,22201388354.28772
MEDICAMEQ.NS,4177347020.0
MEDICO.NS,1799093145.324707
MEDPLUS.NS,77384460749.02649
MEESHO.NS,1048359990418.5
MEGASTAR.NS,3025243363.8549805
MEIL.NS,7091271155.959106
MENONBE.NS,16027440000.0
MEP.NS,121074399.13106418
METROBRAND.NS,221481602062.5
METROPOLIS.NS,114846462903.20801
MFML.NS,192864192.37947464
MFSL.NS,462766713652.0
MGEL.NS,5203682911.428452
MGL.NS,103094363119.16626
MHLXMIRU.NS,1816067025.0
MHRIL.NS,39288652629.80505
MICEL.NS,10509381660.210876
MIDHANI.NS,82448335143.43262
MIDWESTLTD.NS,33078106436.0
MINDACORP.NS,152478560445.234
MINDTECK.NS,4834993101.496765
MIRCELECTR.NS,
MIRZAINT.NS,3846158866.456032
MITCON.NS,1413330425.8886414
MITTAL.NS,310730537.2082904
MKPL.NS,1471186178.3751907
MMFL.NS,26675584000.0
MMP.NS,11889692704.55951
MMTC.NS,84495002746.58203
MOBIKWIK.NS,15890339852.733658
MODINATUR.NS,4325244182.418396
MODIRUBBER.NS,3051188785.9911804
MODIS.NS,7292824200.0
MODISONLTD.NS,15184977896.118164
MODTHREAD.NS,1619827016.4752197
MOHITIND.NS,320527489.358902
MOIL.NS,48122218667.16765
MOKSH.NS,779702927.2224655
MOL.NS,13944048654.793228
MOLDTECH.NS,6149892693.0
MOLDTKPAC.NS,22618922165.42639
MONARCH.NS,27650851559.64032
MONEYBOXX.NS,3822751674.8275757
MONTECARLO.NS,10716404387.753906
MORARJEE.NS,262197280.45560122
MOREPENLAB.NS,74132652258.82164
MOSCHIP.NS,38186048713.14011
MOTHERSON.NS,1648137687651.5
MOTILALOFS.NS,609670245343.1766
MOTISONS.NS,20179366823.6454
MOTOGENFIN.NS,957104943.691349
MPHASIS.NS,438325864189.47754
MPSLTD.NS,44771269076.433105
MRF.NS,523060166190.0
MRPL.NS,302200594281.6932
MSPL.NS,17939113598.03424
MSTCLTD.NS,48840000000.0
MSUMI.NS,218115355777.5748
MTARTECH.NS,235433909514.0
MTEDUCARE.NS,121343126.9314878
MTNL.NS,14609700336.456299
MUFIN.NS,26333773042.3714
MUFTI.NS,4557968779.533035
MUKANDLTD.NS,26327091137.634537
MUKKA.NS,8001000022.888184
MUKTAARTS.NS,1239701614.215088
MUNJALAU.NS,10555999755.859375
MUNJALSHOW.NS,4960579801.1779785
MURUDCERA.NS,1695872746.4577103
MUTHOOTCAP.NS,3607437443.0063324
MUTHOOTFIN.NS,1090548929000.4941
MUTHOOTMF.NS,29590687308.433228
MVGJL.NS,9982463072.574112
MWL.NS,12334689549.642944
NACLIND.NS,30519561893.021393
NAGAFERT.NS,962884663.3853885
NAGREEKCAP.NS,321563994.112587
NAGREEKEXP.NS,652171873.7254143
NAHARCAP.NS,3915588890.5925903
NAHARINDUS.NS,5490565312.591782
NAHARPOLY.NS,5463697645.190506
NAHARSPING.NS,9021735325.32486
NAM-INDIA.NS,679084542902.0
NARMADA.NS,933235429.8715878
NATCAPSUQ.NS,1719402019.555359
NATCOPHARM.NS,151156000000.0
NATHBIOGEN.NS,2555595376.9022675
NATIONALUM.NS,624454807580.0
NAUKRI.NS,778386217056.4885
NAVA.NS,157720126208.30573
NAVINFLUOR.NS,424420719008.0
NAVKARCORP.NS,12785099601.61847
NAVKARURB.NS,931335031.5330957
NAVNETEDUL.NS,27202585137.60562
NAZARA.NS,148415721363.2036
NBCC.NS,205739991760.2539
NBIFIN.NS,5374872150.0
NCC.NS,80860357853.2414
NCLIND.NS,7637556867.579041
NDGL.NS,2354300048.828125
NDL.NS,3733411527.4774933
NDLVENTURE.NS,4147333496.9154205
NDRAUTO.NS,16860883340.79834
NDTV.NS,7580693010.680969
NECCLTD.NS,1998040087.6998901
NECLIFE.NS,2035854876.674385
NELCAST.NS,10593997660.424652
NELCO.NS,20196565282.910156
NEOGEN.NS,69434055815.48462
NEPHROPLUS.NS,64121457732.15405
NESCO.NS,73038792815.78613
NESTLEIND.NS,2501216457394.0137
NETWEB.NS,283273531075.5249
NETWORK18.NS,39291767607.565414
NEUEON.NS,8198960040.0
NEULANDLAB.NS,280653821875.0
NEWGEN.NS,64756924753.75
NEXTMEDIA.NS,238807677.09441662
NFL.NS,31043800553.149414
NGIL.NS,656133774.9606018
NGLFINE.NS,18461789420.86133
NH.NS,349819160762.49207
NHPC.NS,723242505960.0
NIACL.NS,260977281005.85938
NIBE.NS,18932316121.82251
NIBL.NS,759146262.6513481
NIITLTD.NS,11492405100.545654
NIITMTS.NS,27510518438.737915
NILAINFRA.NS,2642996547.0256805
NILASPACES.NS,4332781200.0
NILKAMAL.NS,27391815532.0
NINSYS.NS,15640992000.0
NIPPOBATRY.NS,2390625000.0
NIRAJ.NS,1666665977.3543167
NIRAJISPAT.NS,180000000.0
NITCO.NS,20885518739.09088
NITINSPIN.NS,33999045000.0
NITIRAJ.NS,2072137133.7432861
NIVABUPA.NS,140295547900.21616
NKIND.NS,342564300.0
NLCINDIA.NS,350056407710.3709
NMDC.NS,648308607355.6515
NOCIL.NS,27697744447.73178
NOIDATOLL.NS,662854196.4658365
NORBTEAEXP.NS,1019537462.0758057
NORTHARC.NS,46832869855.14166
NOVAAGRI.NS,2015543558.1262665
NPST.NS,38253227250.0
NRAIL.NS,11255581369.494629
NRBBEARING.NS,51921438003.13721
NRL.NS,10843832372.0
NSIL.NS,26705479518.5
NSLNISP.NS,118689536925.0
NTPC.NS,3120387043553.6934
NTPCGREEN.NS,759128009022.0691
NUCLEUS.NS,16788963901.5
NURECA.NS,3389987234.3481445
NUVAMA.NS,335966175540.7551
NUVOCO.NS,116468623673.20816
NYKAA.NS,972902633585.4009
OAL.NS,17334956175.979492
OBCL.NS,1177473789.3302155
OBEROIRLTY.NS,636740219680.3845
OCCLLTD.NS,9879701148.039246
ODIGMA.NS,645799572.230339
OFSS.NS,911958117990.0
OIL.NS,726280378681.5
OILCOUNTUB.NS,4477906869.538422
OLAELEC.NS,162077209534.51434
OLECTRA.NS,88515868784.72424
OMAXAUTO.NS,4319115783.226685
OMAXE.NS,19729979786.16684
OMFREIGHT.NS,3399535767.130707
OMINFRAL.NS,7207376712.884918
OMKARCHEM.NS,70170993.64
OMNI.NS,78175477562.18994
ONECAP-RE.NS,
ONELIFECAP.NS,1625907217.1020508
ONEPOINT.NS,20595838145.531616
ONESOURCE.NS,170669008744.6062
ONGC.NS,2829304716645.469
ONMOBILE.NS,5127878710.059948
ONWARDTEC.NS,6378970973.25
OPTIEMUS.NS,70888864090.66467
ORBTEXP.NS,6159127175.625916
ORCHASP.NS,429567457.14376974
ORCHPHARMA.NS,48989584757.7594
ORICONENT.NS,8284979021.754181
ORIENTALTL.NS,355040084.34184074
ORIENTBELL.NS,6135739629.38562
ORIENTCEM.NS,23866219600.096527
ORIENTCER.NS,5217465585.021973
ORIENTELEC.NS,33653758519.55298
ORIENTHOT.NS,25159265614.53369
ORIENTLTD.NS,755199966.4306641
ORIENTPPR.NS,3431039583.528469
ORIENTTECH.NS,10190442188.435425
ORISSAMINE.NS,21133199707.03125
ORKLAINDIA.NS,73864595027.43182
ORTEL.NS,56060730.0
ORTINGLOBE.NS,112375834.9584961
OSIAHYPER.NS,343959436.87450886
OSWALAGRO.NS,4437358349.409294
OSWALGREEN.NS,4915327165.656128
OSWALPUMPS.NS,30222698890.53067
OSWALSEEDS.NS,1114104627.9144287
PACEDIGITK.NS,35408250231.88286
PAGEIND.NS,417879889410.0
PAISALO.NS,76267200056.10353
PAKKA.NS,3326756742.641449
PALASHSECU.NS,879672814.3016357
PALREDTEC.NS,534196134.8215027
PANACEABIO.NS,21453073786.5
PANACHE.NS,8678787495.483398
PANAMAPET.NS,29170013694.04724
PANSARI.NS,4436721293.243408
PAR.NS,1547800173.7052307
PARACABLES.NS,18351590245.03337
PARADEEP.NS,159516716738.62457
PARAGMILK.NS,35267899459.0
PARAS.NS,102039673311.07178
PARASPETRO.NS,688495240.875721
PARKHOSPS.NS,115649489103.75
PARKHOTELS.NS,22154648352.879913
PARSVNATH.NS,944343172.1016884
PASHUPATI.NS,11684895007.324219
PASUPTAC.NS,6017377189.118889
PATANJALI.NS,386958821858.3815
PATELENG.NS,24573376806.62386
PATELRMART.NS,7444977487.339355
PATINTLOG.NS,835698442.3019028
PAUSHAKLTD.NS,16210687095.387695
PAVNAIND.NS,2155738473.3867645
PAYTM.NS,1076762442184.0
PCBL.NS,126045747592.90515
PCJEWELLER.NS,128089311541.11865
PDMJEPAPER.NS,9100957355.117798
PDSL.NS,48345560638.21063
PEARLPOLY.NS,289897517.48036957
PENIND.NS,24214532351.7137
PENINLAND.NS,4810059190.0
PERSISTENT.NS,863957673320.0
PETRONET.NS,435000025520.0
PFC.NS,1062632766720.0
PFIZER.NS,175771933656.62402
PFOCUS.NS,222456754068.74146
PFS.NS,18105967556.666306
PGEL.NS,139724447988.87427
PGHH.NS,219694261248.0
PGHL.NS,87976724600.0
PGIL.NS,117000642886.0
PHOENIXLTD.NS,692106655230.0
PICCADIL.NS,58004405085.86548
PIDILITIND.NS,1515282158200.1934
PIGL.NS,2001519559.602356
PIIND.NS,336787626360.0
PILANIINVS.NS,44119594034.36279
PILITA.NS,1736649968.624115
PINELABS.NS,193027815642.73645
PIONEEREMB.NS,620314821.5986519
PIRAMALFIN.NS,472906330297.51245
PITTIENG.NS,41612689554.82129
PIXTRANS.NS,24991341174.70703
PKTEA.NS,3198043007.0
PLASTIBLEN.NS,5140403693.511963
PLATIND.NS,11547147343.490845
PLAZACABLE.NS,2420364941.6079254
PNB.NS,1291232158622.9602
PNBGILTS.NS,12910327030.218933
PNBHOUSING.NS,288396979729.96606
PNC.NS,249121730.06629944
PNCINFRA.NS,35153561466.79184
PNGJL.NS,84391240183.59344
PNGSREVA.NS,16968153133.05664
POCL.NS,33528080999.769653
PODDARMENT.NS,2673189467.6208496
POKARNA.NS,21677997178.466797
POLICYBZR.NS,451101915330.26776
POLYCAB.NS,1217131228240.0
POLYMED.NS,164165026239.35486
POLYPLEX.NS,33256219321.0
PONNIERODE.NS,3167657138.7194214
POONAWALLA.NS,395859808654.85205
POWERGRID.NS,2390255181483.0
POWERINDIA.NS,1404029434500.0
POWERMECH.NS,76875013998.0
PPAP.NS,3234806674.166809
PPL.NS,6054715799.709686
PPLPHARMA.NS,258232844521.99292
PRABHA.NS,33543029158.122437
PRAENG.NS,1329479402.9170322
PRAJIND.NS,55888367162.58789
PRAKASH.NS,21439677983.68576
PRAKASHSTL.NS,614251367.2310662
PRAXIS.NS,819431817.7473068
PRECAM.NS,10344907637.698517
PRECOT.NS,7261199707.03125
PRECWIRE.NS,92756765399.22867
PREMEXPLN.NS,36844826505.605286
PREMIER.NS,80704256.86916208
PREMIERENE.NS,402667730808.7218
PREMIERPOL.NS,10635551007.3946
PRESTIGE.NS,622405185240.0
PRICOLLTD.NS,85859422753.91125
PRIMESECU.NS,10147344695.445251
PRIMO.NS,6320311159.11068
PRINCEPIPE.NS,27363576930.12976
PRITI.NS,427840673.3853378
PRITIKAUTO.NS,2667533001.56345
PRIVISCL.NS,134461644685.84131
PROSTARM.NS,7771446144.0
PROTEAN.NS,26059924895.45746
PROZONER.NS,7712549846.532112
PRSMJOHNSN.NS,51372571325.9021
PRUDENT.NS,128696106151.6211
PRUDMOULI.NS,447335236.3090515
PSB.NS,149149204572.50116
PSPPROJECT.NS,30308130825.14142
PTC.NS,46627231988.60399
PTCIL.NS,337782128970.0
PTL.NS,5058125048.805237
PUNJABCHEM.NS,12714659925.869751
PURVA.NS,49073382787.04382
PVP.NS,12486356702.622242
PVRINOX.NS,115827988501.23633
PVSL.NS,6484732004.207794
PWL.NS,380308007705.6885
PYRAMID.NS,5822601318.157715
QPOWER.NS,125474927038.5498
QUADFUTURE.NS,21170000000.0
QUESS.NS,51067576980.079285
QUICKHEAL.NS,7484869616.555786
RACE.NS,1880171887.335205
RACLGEAR.NS,18308542104.30359
RADAAN.NS,161943005.1165247
RADHIKAJWE.NS,8011339736.510651
RADIANTCMS.NS,3726239882.1319885
RADICO.NS,574692511776.3696
RADIOCITY.NS,2072930636.506791
RAILTEL.NS,80972761065.52629
RAIN.NS,69966629582.60378
RAINBOW.NS,128770667655.62012
RAJESHEXPO.NS,18409457993.119057
RAJMET.NS,846028784.1796875
RAJOOENG.NS,9821781074.319489
RAJRATAN.NS,23080496909.88159
RAJRILTD.NS,11047823054.883797
RAJSREESUG.NS,940719834.1156311
RAJTV.NS,552357997.9830322
RALLIS.NS,38341487064.566345
RAMANEWS.NS,4418613180.416519
RAMAPHO.NS,4213461733.02092
RAMASTEEL.NS,7182219683.764963
RAMCOCEM.NS,197800345529.14307
RAMCOIND.NS,25922205660.0
RAMCOSYS.NS,20897408419.717102
RAMKY.NS,19441120226.149597
RAMRAT.NS,59295331673.91504
RANASUG.NS,2091593690.8255577
RANEHOLDIN.NS,22142026894.358643
RATEGAIN.NS,100596592538.1745
RATNAMANI.NS,179778963955.07812
RATNAVEER.NS,28480407384.74579
RAYMOND.NS,86563443052.11841
RAYMONDLSL.NS,38300603925.69226
RAYMONDREL.NS,46043605912.559204
RBA.NS,66941399221.247505
RBLBANK.NS,646336656519.6018
RBZJEWEL.NS,7481199951.171875
RCF.NS,58859604735.894775
RCOM.NS,2349767596.559204
RECLTD.NS,778512659528.0762
REDINGTON.NS,322677396395.25
REDTAPE.NS,62937144416.482544
REFEX.NS,37230103397.246826
REGAAL.NS,8834813185.075073
REGENCERAM.NS,860144760.3026733
RELAXO.NS,70188237361.5011
RELCHEMQ.NS,854459355.68676
RELIABLE.NS,1469464793.7011719
RELIANCE.NS,16054925864546.633
RELIGARE.NS,76245268145.57019
RELINFRA.NS,19919241955.782463
RELTD.NS,28628653720.229187
REMSONSIND.NS,3847321548.024193
RENUKA.NS,46315937947.65265
REPCOHOME.NS,20598328438.5
REPL.NS,1019209430.4180145
REPRO.NS,4221115706.5
RESPONIND.NS,42169472916.305176
RETAIL.NS,272310662.73269653
RGL.NS,17348495554.815292
RHETAN.NS,12598594084.382057
RHFL.NS,761195845.9595017
RHIM.NS,76973406541.5
RHL.NS,2849671553.5700684
RICOAUTO.NS,16304547745.857239
RIIL.NS,10027909631.347656
RISHABH.NS,26553862658.775146
RITCO.NS,8095588839.220184
RITES.NS,98879423102.79538
RKDL.NS,409199981.6894531
RKEC.NS,500204019.1516876
RKFORGE.NS,129729984628.20795
RKSWAMY.NS,4344576117.465569
RMDRIP.NS,10003419679.929977
RML.NS,37923678041.93042
RNBDENIMS.NS,2561724696.390231
ROHLTD.NS,8093181113.890228
ROLEXRINGS.NS,49782957303.20801
ROLLT.NS,1243146047.5206375
ROML.NS,644513412.0
ROSSARI.NS,23869324246.301147
ROSSELLIND.NS,1888593339.979744
ROSSTECH.NS,60816870453.13086
ROTO.NS,11761608566.778889
ROUTE.NS,27160629034.740295
RPEL.NS,83821337577.28271
RPGLIFE.NS,47903601430.86182
RPOWER.NS,83087639338.00858
RPPINFRA.NS,2519956337.6275787
RPPL.NS,1389847629.020691
RPSGVENT.NS,27590757272.873657
RPTECH.NS,62650501874.31702
RRKABEL.NS,299503377240.0
RSSOFTWARE.NS,769511829.1291809
RSWM.NS,9563054845.022827
RSYSTEMS.NS,29612139180.95807
RTNINDIA.NS,35157397133.59964
RTNPOWER.NS,36140812540.22664
RUBFILA.NS,3428622498.7811356
RUBICON.NS,266258074018.0
RUBYMILLS.NS,16526048408.203125
RUCHINFRA.NS,1144720946.1909075
RUCHIRA.NS,3085672980.934067
RUDRA.NS,1806188904.0
RUPA.NS,10213507279.699188
RUSHIL.NS,4536224048.392963
RUSTOMJEE.NS,46549148838.5
RVHL.NS,2297262389.0146027
RVNL.NS,410644702332.0236
RVTH.NS,2227980779.788269
S&SPOWER.NS,3635203401.8463135
SAATVIKGL.NS,50950041629.18738
SABEVENTS.NS,3980357760.6
SADBHAV.NS,1176975710.9071732
SADBHIN.NS,919307776.8101044
SADHNANIQ.NS,7853383196.894669
SAFARI.NS,64119352153.34912
SAGARDEEP.NS,376968546.5068817
SAGCEM.NS,19433597279.309326
SAGILITY.NS,199284149112.78195
SAHYADRI.NS,3955992753.189087
SAIL.NS,730896437283.1871
SAILIFE.NS,321027660212.7832
SAKAR.NS,22099169120.056763
SAKHTISUG.NS,2118507813.5970078
SAKSOFT.NS,18086628195.855988
SAKUMA.NS,2414286645.79628
SALASAR.NS,7061719104.920988
SALONA.NS,1411638800.0
SALSTEEL.NS,13605174951.972198
SALZERELEC.NS,9284320845.996277
SAMBHAAV.NS,1012887488.4514999
SAMBHV.NS,48520598578.259
SAMHI.NS,33445119079.82544
SAMMAANCAP.NS,152901706505.9428
SAMPANN.NS,1222040092.201233
SANATHAN.NS,44594882512.00403
SANCO.NS,29823600.0
SANDESH.NS,7675014515.350159
SANDHAR.NS,33504208567.78473
SANDUMA.NS,86210691729.84833
SANGAMIND.NS,31151602608.0
SANGHIIND.NS,12887883982.330322
SANGHVIMOV.NS,35487501871.58203
SANGINITA.NS,1913865529.5
SANOFI.NS,69649205927.85791
SANOFICONR.NS,86550350291.45312
SANSERA.NS,267853308423.13184
SANSTAR.NS,20974110937.397743
SANWARIA.NS,263580419.84250158
SAPPHIRE.NS,68418618371.93451
SARDAEN.NS,176543016270.0
SAREGAMA.NS,95423063650.62775
SARLAPOLY.NS,7560735178.688049
SARVESHWAR.NS,4261427629.722821
SASKEN.NS,25570316909.42798
SASTASUNDR.NS,
SATIA.NS,6851000213.623047
SATIN.NS,23789307891.06505
SAURASHCEM.NS,5720166361.810913
SBC.NS,29542828035.964966
SBCL.NS,62010921300.0
SBFC.NS,91801573368.99184
SBGLP.NS,4007654034.244995
SBICARD.NS,538630381178.0
SBILIFE.NS,1715320972293.5
SBIN.NS,8842931647388.0
SCHAEFFLER.NS,600987611150.0
SCHAND.NS,4955742976.0
SCHNEIDER.NS,303207820945.99915
SCI.NS,135361195149.01154
SCILAL.NS,17355670330.771828
SCODATUBES.NS,7465847282.544708
SCPL.NS,6487424743.652344
SDBL.NS,15220454861.180664
SEAMECLTD.NS,40258566469.30078
SECMARK.NS,1506130163.8198242
SECURKLOUD.NS,538913030.6107044
SEJALLTD.NS,7634814811.917969
SELMC.NS,790992991.3027496
SEMAC.NS,745161283.3908081
SENCO.NS,51948410955.79413
SENORES.NS,60845998216.88965
SEPC.NS,9930379782.791586
SERVOTECH.NS,16245055950.56253
SESHAPAPER.NS,14805876199.95636
SETCO.NS,2360302329.558174
SETL.NS,85791386807.89905
SETUINFRA.NS,64450390.0
SEYAIND.NS,391526879.1448555
SFL.NS,67755197504.34827
SGFIN.NS,44673516054.382324
SGIL.NS,9367605000.0
SGL.NS,240640689.63371658
SGMART.NS,92998784237.98828
SHADOWFAX.NS,169655864094.66858
SHAH.NS,3150968811.442128
SHAHALLOYS.NS,1623398280.0
SHAILY.NS,138574485420.26172
SHAKTIPUMP.NS,54714656927.83859
SHALBY.NS,14408621269.430466
SHALPAINTS.NS,6292569096.980255
SHANKARA.NS,2865300448.963684
SHANTI.NS,60416640.63549042
SHANTIGEAR.NS,45411077850.75
SHANTIGOLD.NS,22838015208.07852
SHARDACROP.NS,64967776246.8512
SHARDAMOTR.NS,52734744888.043945
SHAREINDIA.NS,45091188177.55798
SHEKHAWATI.NS,985842013.1492615
SHEMAROO.NS,3176421787.2976685
SHILCTECH.NS,46137181462.79297
SHILPAMED.NS,201683959109.30664
SHIVALIK.NS,6016946388.792419
SHIVAMAUTO.NS,2213289162.779608
SHIVAMILLS.NS,512632047.9227295
SHIVATEX.NS,2267097396.048584
SHIVAUM.NS,7601943746.020508
SHK.NS,19021786219.963943
SHOPERSTOP.NS,43586339321.0
SHRADHA.NS,2378088645.916992
SHREDIGCEM.NS,9811154330.579132
SHREECEM.NS,793415648520.0
SHREEJISPG.NS,127051796404.40356
SHREEPUSHK.NS,15992604689.302795
SHREERAMA.NS,5751136355.815601
SHRENIK.NS,171360000.72956085
SHREYANIND.NS,1783366950.0
SHRINGARMS.NS,21153341127.65747
SHRIPISTON.NS,204043924213.78125
SHRIRAMFIN.NS,2285748003474.9883
SHRIRAMPPS.NS,11522583974.964539
SHYAMCENT.NS,1075717095.7219076
SHYAMMETL.NS,283948753788.34094
SHYAMTEL.NS,125110576.39320374
SICALLOG.NS,7075322295.94841
SIEMENS.NS,1318037635832.893
SIGACHI.NS,10984979707.368135
SIGIND.NS,1885734148.1323242
SIGMA.NS,4504627561.586609
SIGMAADV.NS,214733668494.2627
SIGNATURE.NS,103854426110.55872
SIGNPOST.NS,13942432826.23291
SIKKO.NS,2712528016.6625977
SIL.NS,1027976447.7325478
SILGO.NS,2222699288.7907715
SILINV.NS,4723104595.0
SILLYMONKS.NS,163380800.0
SILVERTUC.NS,17424962564.39209
SIMBHALS.NS,299214768.5951328
SIMPLEXINF.NS,19742989363.335968
SINCLAIR.NS,3889096340.789795
SINDHUTRAD.NS,40771952169.10997
SINTERCOM.NS,2089361807.7041245
SIRCA.NS,22869923326.38098
SIS.NS,57710520007.05597
SITINET.NS,300269341.4861858
SIYSIL.NS,24506654140.868164
SJS.NS,65776138561.05798
SJVN.NS,224627091603.36084
SKFINDIA.NS,71482351908.68152
SKFINDUS.NS,134940920008.5
SKIPPER.NS,60843987217.94617
SKMEGGPROD.NS,10618899467.58957
SKYGOLD.NS,127910344576.70068
SMARTLINK.NS,2221432469.558716
SMARTWORKS.NS,56938898236.54663
SMCGLOBAL.NS,23976300000.0
SMLMAH.NS,91952838684.0
SMLT.NS,1077657136.7111206
SMSPHARMA.NS,44751623107.10663
SNOWMAN.NS,5683564814.231205
SOBHA.NS,128152078676.44482
SOFTTECH.NS,6397143992.214294
SOLARA.NS,32660772750.791016
SOLARINDS.NS,1768175674700.0
SOLARWORLD.NS,10742208948.36316
SOLEX.NS,7369458127.666321
SOMANYCERA.NS,25054724186.68921
SOMATEX.NS,2570146541.89048
SOMICONVEY.NS,1014456075.9507446
SONACOMS.NS,497430353928.0
SONAMLTD.NS,2799838177.734375
SONATSOFTW.NS,70305795126.0
SOTL.NS,49857134624.91913
SOUTHBANK.NS,127150712336.00726
SOUTHWEST.NS,6385965174.546539
SPAL.NS,23577758979.44226
SPANDANA.NS,18926307699.828827
SPARC.NS,62067997138.229675
SPCENET.NS,1828109936.2430573
SPECIALITY.NS,7472185802.514252
SPECTRUM.NS,65600488550.197754
SPENCERS.NS,2378583662.4977875
SPIC.NS,12664392216.182556
SPLIL.NS,849504167.9367161
SPLPETRO.NS,150122800794.84692
SPMLINFRA.NS,13320090746.698593
SPORTKING.NS,24630673063.21042
SRD.NS,2411547654.80278
SREEL.NS,6733477206.946045
SRF.NS,729158821500.0
SRGHFL.NS,2026121862.404358
SRHHYPOLTD.NS,9222658113.768494
SRM.NS,9148430945.783295
SRTL.NS,1443097439.0029907
SSDL.NS,2762086050.0
SSWL.NS,64565186938.00995
STALLION.NS,26074017683.03311
STANLEY.NS,7718248362.796738
STAR.NS,100164084889.87915
STARCEMENT.NS,71147878311.1257
STARHEALTH.NS,314942974445.5
STARPAPER.NS,2387826197.2114563
STARTECK.NS,2729800519.475708
STCINDIA.NS,6316199798.583984
STEELCAS.NS,36806441235.35156
STEELCITY.NS,1246637428.6864853
STEELXIND.NS,14183764595.468502
STEL.NS,10477133643.785706
STERTOOLS.NS,7951433475.914246
STLNETWORK.NS,21894106644.86436
STLTECH.NS,514700004791.25
STOVEKRAFT.NS,26697744462.684204
STUDDS.NS,15863355780.194092
STYL.NS,58015476937.131226
STYLAMIND.NS,56391188119.13672
STYLEBAAZA.NS,27394634880.116547
STYRENIX.NS,35456552560.0
SUBEXLTD.NS,10658769958.694794
SUBROS.NS,44089580044.83032
SUDARCOLOR.NS,8439859297.819885
SUDARSCHEM.NS,97865036736.85815
SUDEEPPHRM.NS,132533919332.53479
SUKHJITS.NS,4717218986.51123
SULA.NS,11174901968.197495
SUMEETINDS.NS,7565822151.953307
SUMICHEM.NS,206995742812.2876
SUMIT.NS,2423567222.7093353
SUMMITSEC.NS,14392855804.111816
SUNCLAY.NS,25899832194.072754
SUNDARAM.NS,516526788.38737714
SUNDARMFIN.NS,470452669292.96533
SUNDRMBRAK.NS,2680625899.47052
SUNDRMFAST.NS,234419205557.51282
SUNDROP.NS,28219863235.466675
SUNFLAG.NS,81999848840.0
SUNPHARMA.NS,4270096328953.972
SUNTECK.NS,40844108357.497406
SUNTV.NS,247031934425.79346
SUPERHOUSE.NS,1718577053.8330078
SUPERSPIN.NS,406749644.0233612
SUPRAJIT.NS,63308268179.0
SUPREME.NS,1199387185.499199
SUPREMEENG.NS,1079784042.9067612
SUPREMEIND.NS,431938283620.66895
SUPREMEINF.NS,6005195003.2777405
SUPRIYA.NS,72398301757.54395
SURAJEST.NS,9991929643.761322
SURAJLTD.NS,3516725150.0
SURAKSHA.NS,17282999860.17572
SURANASOL.NS,1184402846.9833374
SURANAT&P.NS,2124643369.161684
SURYALAXMI.NS,1081304175.0
SURYAROSNI.NS,47969128634.366455
SURYODAY.NS,15610725937.018326
SUTLEJTEX.NS,6137676568.038391
SUVEN.NS,86548947272.54846
SUVIDHAA.NS,446834739.40786505
SUYOG.NS,7783096960.0
SUZLON.NS,535010754914.86786
SVLL.NS,9450120280.303955
SVPGLOB.NS,383294996.38080597
SWANCORP.NS,82407813416.211
SWANDEF.NS,143759053492.3706
SWARAJENG.NS,42915752559.74487
SWELECTES.NS,9323296044.497314
SWIGGY.NS,625656414194.4106
SWSOLAR.NS,38235396819.604706
SYMPHONY.NS,38418215568.273926
SYNCOMF.NS,21751599426.26953
SYNGENE.NS,143854626212.5157
SYRMA.NS,327539515593.5582
SYSTMTXC.NS,10050888624.0
TAINWALCHM.NS,1846366437.757019
TAJGVK.NS,19769780608.10089
TAKE.NS,1763473368.3984451
TALBROAUTO.NS,25706688821.017456
TANLA.NS,64440753312.0
TARACHAND.NS,3662993199.2218018
TARAPUR.NS,225810125.89226723
TARC.NS,36249632710.724945
TARIL.NS,85682340979.43372
TARMAT.NS,1408611150.122509
TARSONS.NS,17874650751.440735
TASTYBITE.NS,24062665000.0
TATACAP.NS,1339221641548.6501
TATACHEM.NS,157286532256.8357
TATACOMM.NS,478145626519.4026
TATACONSUM.NS,943916848945.0
TATAELXSI.NS,193440136905.0
TATAINVEST.NS,314576252880.0
TATAPOWER.NS,1123161850770.5
TATASTEEL.NS,2222174657096.0815
TATATECH.NS,283241449059.8126
TATVA.NS,42082306945.0
TBOTEK.NS,176941058174.0
TBZ.NS,39898239327.16553
TCC.NS,
TCI.NS,67515366032.5
TCIEXP.NS,18986665326.98181
TCIFINANCE.NS,184076652.3552332
TCPLPACK.NS,35720648794.80713
TCS.NS,7650083894730.341
TDPOWERSYS.NS,255012314152.8589
TEAMGTY.NS,2123732081.4601746
TEAMLEASE.NS,17332793679.836914
TECHM.NS,1360689857699.3906
TECHNOE.NS,113810760277.05493
TECILCHEM.NS,181292979.9574852
TEGA.NS,155071088778.48926
TEJASNET.NS,82407693688.54712
TEMBO.NS,10680198315.467377
TENNIND.NS,196555298483.0
TERASOFT.NS,2850955845.1366425
TEXINFRA.NS,15358726737.149963
TEXMOPIPES.NS,1470552118.8163757
TEXRAIL.NS,47676390671.12521
TFCILTD.NS,64654768740.21118
TFL.NS,645961808.3976116
TGBHOTELS.NS,278513670.703125
THANGAMAYL.NS,147546353687.0
THEINVEST.NS,4707023671.984703
THEJO.NS,22727585091.13916
THELEELA.NS,192894062179.5315
THEMISMED.NS,10485631579.328339
THERMAX.NS,363652434221.7766
THOMASCOOK.NS,46416381739.42232
THOMASCOTT.NS,4141906931.1587524
THYROCARE.NS,86273592663.65826
TI.NS,133951624212.80518
TICL.NS,1266350011.8255615
TIGERLOGS.NS,2780567419.3382263
TIIL.NS,63830729316.470215
TIINDIA.NS,449087782400.0
TIJARIA.NS,192080461.79947662
TIL.NS,19963769541.20288
TIMETECHNO.NS,88217581895.29237
TIMKEN.NS,235607644180.98975
TINNARUBR.NS,16757356813.387817
TIPSFILMS.NS,1349821153.5
TIPSMUSIC.NS,81267725375.9165
TIRUMALCHM.NS,17281240888.69574
TIRUPATIFL.NS,8712505233.154297
TITAGARH.NS,109038619549.13379
TITAN.NS,4063890494300.0
TMB.NS,140338976107.5
TMCV.NS,1571814450477.6753
TMPV.NS,1063095658731.7999
TNPETRO.NS,11043998433.5
TNPL.NS,10138661174.18518
TNTELE.NS,501928675.5466461
TOKYOPLAST.NS,675169460.8032227
TOLINS.NS,3362991803.2342453
TORNTPHARM.NS,1815115408832.0
TORNTPOWER.NS,621917728165.9348
TOTAL.NS,1116470464.1571808
TOUCHWOOD.NS,648585314.8530884
TPHQ.NS,537147614.4543648
TPLPLASTEH.NS,5293283627.609253
TRACXN.NS,3380850112.4701996
TRANSRAILL.NS,62126975568.75
TRANSWORLD.NS,3387827619.1500397
TRAVELFOOD.NS,158618543689.0598
TREEHOUSE.NS,245402207.27013016
TREJHARA.NS,3167976820.1596985
TREL.NS,6631322136.524757
TRENT.NS,1375739336580.0
TRF.NS,2135076063.2559204
TRIDENT.NS,111287556866.32443
TRIGYN.NS,1583926140.6876526
TRITURBINE.NS,167247423718.65833
TRIVENI.NS,52274514924.51782
TRU.NS,497011776.07138205
TRUALT.NS,37928369952.51544
TSFINV.NS,90262962151.0
TTKHLTCARE.NS,14234897809.178833
TTKPRESTIG.NS,70256908344.75293
TTL.NS,2007076029.9531097
TTML.NS,67112672447.48958
TVSELECT.NS,7371819690.237122
TVSHLTD.NS,239001844552.0
TVSMOTOR.NS,1915637021812.0
TVSSCS.NS,56154548617.63108
TVSSRICHAK.NS,32751498469.48242
TVTODAY.NS,6055767608.884087
TVVISION.NS,102285484.0644598
UBL.NS,312870625722.10767
UCAL.NS,3039075321.784973
UCOBANK.NS,290416184040.2551
UDS.NS,14237879509.306335
UEL.NS,23594070710.823486
UFBL.NS,25899802393.07898
UFLEX.NS,46157582732.68787
UFO.NS,2219999617.1083755
UGARSUGAR.NS,6619500017.166138
UGROCAP.NS,12514061447.398819
UJJIVANSFB.NS,129920834668.79828
ULTRACEMCO.NS,3191740539750.0
UMAEXPORTS.NS,715415997.6410294
UMESLTD.NS,116814078.01089
UMIYA-MRO.NS,1718609754.6829681
UNICHEMLAB.NS,37417136696.94519
UNIDT.NS,4668297612.475464
UNIECOM.NS,9163397869.306206
UNIENTER.NS,11985531361.975494
UNIINFO.NS,113560933.17626953
UNIMECH.NS,93919273421.97546
UNIONBANK.NS,1282216743126.1562
UNIPARTS.NS,37274040286.47937
UNITDSPR.NS,972065846707.0
UNITECH.NS,10203574332.809912
UNITEDPOLY.NS,11115435735.042572
UNITEDTEA.NS,2073574890.0
UNIVASTU.NS,4598029482.094803
UNIVCABLES.NS,52743916502.0896
UNIVPHOTO.NS,5344132206.425537
UNOMINDA.NS,635791393806.0
UPL.NS,424755291907.5
URAVIDEF.NS,1153224041.7480469
URBANCO.NS,235002675709.58694
URJA.NS,4842119906.1870575
USHAMART.NS,155396342940.0
USK.NS,1025767879.2707329
UTIAMC.NS,114439358077.5055
UTKARSHBNK.NS,23525303577.66409
UTLSOLAR.NS,126489559335.1203
UTTAMSUGAR.NS,11239304429.553223
UYFINCORP.NS,4561915042.335804
V2RETAIL.NS,61725844018.8858
VADILALIND.NS,51112659130.0
VAIBHAVGBL.NS,33444930084.579407
VAISHALI.NS,1080226401.5628529
VAKRANGEE.NS,5645578480.806224
VALIANTLAB.NS,6766251349.449158
VALIANTORG.NS,13334662075.39032
VARDHACRLC.NS,3573775927.190277
VARDMNPOLY.NS,2821725569.173229
VARROC.NS,125295454700.0
VASCONEQ.NS,7476865878.03252
VASWANI.NS,1456229312.366333
VBL.NS,1486944666147.5088
VCL.NS,262765664.9618125
VEDL.NS,995919693663.1091
VEEDOL.NS,22949859358.913574
VENKEYS.NS,23141266159.341797
VENTIVE.NS,127980801732.0
VENUSPIPES.NS,45708023080.94238
VENUSREM.NS,23794426376.0
VERANDA.NS,20532745813.47336
VERTOZ.NS,2960037860.9848022
VESUVIUS.NS,79032934281.22559
VETO.NS,2612058620.7315674
VGL.NS,3277223842.173477
VGUARD.NS,129560037027.10724
VHL.NS,11227185496.636719
VHLTD.NS,9678365788.119934
VIDHIING.NS,17680530000.0
VIDYAWIRES.NS,19412426145.89605
VIJAYA.NS,146483345243.8147
VIJIFIN.NS,3328709964.7521973
VIKASECO.NS,1416123117.9992104
VIKASLIFE.NS,2247779028.464432
VIKRAMSOLR.NS,55266291738.26494
VIKRAN.NS,14749931222.753105
VIMTALABS.NS,25557144383.25
VINATIORGA.NS,121978260159.66138
VINCOFE.NS,26601246065.78311
VINDHYATEL.NS,30543229788.55542
VINEETLAB.NS,721579407.7587128
VINNY.NS,418721948.70765615
VINYLINDIA.NS,3926892208.7291565
VIPCLOTHNG.NS,1819715036.7443562
VIPIND.NS,40386345927.2254
VIPULLTD.NS,1478664912.9369354
VIRINCHI.NS,1440400184.0638847
VISAKAIND.NS,7048036246.83136
VISASTEEL.NS,
VISHNU.NS,43603475211.0
VISHWARAJ.NS,1139238875.1547337
VIVIDHA.NS,149277269.54859018
VIVIMEDLAB.NS,496654331.8725109
VIYASH.NS,101069219490.95825
VLEGOV.NS,1010766353.183281
VLSFINANCE.NS,7253491853.992096
VMART.NS,61348647891.87927
VMM.NS,460282448781.75
VMSTMT.NS,2200647858.9731216
VOLTAMP.NS,106846904320.0
VOLTAS.NS,351167990718.48145
VPRPL.NS,3601562555.6076126
VRAJ.NS,4029816521.665497
VRLLOG.NS,49857042150.0
VSSL.NS,37330340865.92255
VSTIND.NS,34064711856.756287
VSTL.NS,2067664802.080635
VSTTILLERS.NS,36645279310.39551
VTL.NS,153393233487.28027
WAAREEENER.NS,674973857577.5
WAAREEINDO.NS,8524180223.597122
WAAREERTL.NS,84453221926.37927
WABAG.NS,124951890216.0
WAKEFIT.NS,45806836028.91858
WALCHANNAG.NS,13244779173.828186
WANBURY.NS,6659801341.643311
WCIL.NS,9101541522.25312
WEALTH.NS,9205920000.0
WEBELSOLAR.NS,29549164708.23059
WEIZMANIND.NS,1075273352.441742
WEL.NS,9822786808.95996
WELCORP.NS,658600560180.0
WELENT.NS,98062342700.11597
WELINV.NS,9085681164.0
WELSPUNLIV.NS,216786547396.06705
WENDT.NS,16033000000.0
WESTLIFE.NS,91724756448.62366
WEWIN.NS,518211000.0
WEWORK.NS,90404508663.0
WHEELS.NS,59274488405.87744
WHIRLPOOL.NS,110642807266.75
WILLAMAGOR.NS,237424322.03590393
WINDLAS.NS,21005618002.914185
WINDMACHIN.NS,29610086408.332336
WINSOME.NS,10648524.4
WIPL.NS,1364849124.678955
WIPRO.NS,1604121926863.365
WOCKPHARMA.NS,335302590731.5
WONDERLA.NS,31692356944.403687
WORTHPERI.NS,2258850967.681885
WSI.NS,3844856798.2992935
WSTCSTPAPR.NS,47406603717.0
XCHANGING.NS,6475898130.072006
XELPMOC.NS,1332688598.1119537
XPROINDIA.NS,26732775349.0
XTGLOBAL.NS,3767534893.915653
YASHO.NS,48745628198.04932
YATHARTH.NS,96643420071.0
YATRA.NS,15818721033.233826
YESBANK.NS,661053749398.5693
YUKEN.NS,15336336000.0
ZAGGLE.NS,22945027507.57794
ZEEL.NS,70665413436.27274
ZEELEARN.NS,2037344408.7350597
ZEEMEDIA.NS,4686315124.50655
ZENITHEXPO.NS,1051729092.0639038
ZENITHSTL.NS,732744320.7689209
ZENSARTECH.NS,102399954384.0
ZENTEC.NS,143863246282.0
ZFCVINDIA.NS,250520061512.10938
ZIMLAB.NS,7356579032.30542
ZODIAC.NS,
ZODIACLOTH.NS,1858091674.4926605
ZOTA.NS,44932319219.32214
ZUARI.NS,8893586231.131866
ZUARIIND.NS,8456367560.339844
ZYDUSLIFE.NS,1136156864648.0
ZYDUSWELL.NS,153926152452.20215
