Stock,Signal,Price,RSI
AVG.NS,EXIT,161.98,41.97
AVROIND.NS,EXIT,5.87,24.42
BHAGYANGR.NS,EXIT,41.4,26.36
CANHLIFE.NS,BUY,145.56,52.9
EUROBOND.NS,EXIT,134.54,26.09
GENCON.NS,EXIT,36.34,35.84
HARDWYN.NS,EXIT,9.13,28.41
LICHSGFIN.NS,BUY,537.0,51.14
MASTERTR.NS,EXIT,81.6,40.51
MFML.NS,EXIT,18.3,28.46
MINDTECK.NS,EXIT,135.08,26.1
NORBTEAEXP.NS,EXIT,61.99,40.4
RADAAN.NS,EXIT,2.82,43.92
SASKEN.NS,EXIT,1598.1,43.27
SUMIT.NS,EXIT,45.92,39.6
UMAEXPORTS.NS,EXIT,19.88,39.84
VAKRANGEE.NS,EXIT,5.04,27.13
VIRINCHI.NS,EXIT,12.76,28.76
